-- phpMyAdmin SQL Dump
-- version 5.2.0
-- https://www.phpmyadmin.net/
--
-- 主機： 127.0.0.1
-- 產生時間： 2022-12-07 05:07:04
-- 伺服器版本： 10.4.27-MariaDB
-- PHP 版本： 8.1.12

SET SQL_MODE = "NO_AUTO_VALUE_ON_ZERO";
START TRANSACTION;
SET time_zone = "+00:00";


/*!40101 SET @OLD_CHARACTER_SET_CLIENT=@@CHARACTER_SET_CLIENT */;
/*!40101 SET @OLD_CHARACTER_SET_RESULTS=@@CHARACTER_SET_RESULTS */;
/*!40101 SET @OLD_COLLATION_CONNECTION=@@COLLATION_CONNECTION */;
/*!40101 SET NAMES utf8mb4 */;

--
-- 資料庫： `database`
--

-- --------------------------------------------------------

--
-- 資料表結構 `discountcoupon`
--

CREATE TABLE `discountcoupon` (
  `couponId` int(10) NOT NULL,
  `userId` varchar(30) NOT NULL,
  `coupon` varchar(6) NOT NULL,
  `couponName` varchar(60) NOT NULL,
  `couponEndTime` date NOT NULL,
  `couponUse` int(1) NOT NULL DEFAULT 0
) ENGINE=InnoDB DEFAULT CHARSET=utf16 COLLATE=utf16_unicode_ci;

--
-- 傾印資料表的資料 `discountcoupon`
--

INSERT INTO `discountcoupon` (`couponId`, `userId`, `coupon`, `couponName`, `couponEndTime`, `couponUse`) VALUES
(1, 'u123456789', '0.9', '九折', '2022-12-28', 0),
(2, 'u123456789', '0.9', '九折', '2022-12-05', 1);

-- --------------------------------------------------------

--
-- 資料表結構 `favorite`
--

CREATE TABLE `favorite` (
  `favId` int(5) NOT NULL,
  `userId` varchar(30) NOT NULL,
  `itemId` varchar(200) NOT NULL
) ENGINE=InnoDB DEFAULT CHARSET=utf16 COLLATE=utf16_unicode_ci;

--
-- 傾印資料表的資料 `favorite`
--

INSERT INTO `favorite` (`favId`, `userId`, `itemId`) VALUES
(1, 'u123456789', '10'),
(2, 'u123456789', '11'),
(3, 'u123456789', '15'),
(4, 'u123456789', '20');

-- --------------------------------------------------------

--
-- 資料表結構 `firm`
--

CREATE TABLE `firm` (
  `firmId` varchar(200) NOT NULL,
  `firmPassword` varchar(30) NOT NULL,
  `firmName` varchar(150) DEFAULT NULL,
  `taxId` int(8) DEFAULT NULL,
  `firmHeadName` varchar(150) DEFAULT NULL,
  `firmPhone` varchar(10) DEFAULT NULL,
  `firmLocation` varchar(100) DEFAULT NULL,
  `firmEmail` varchar(50) DEFAULT NULL
) ENGINE=InnoDB DEFAULT CHARSET=utf16 COLLATE=utf16_unicode_ci;

--
-- 傾印資料表的資料 `firm`
--

INSERT INTO `firm` (`firmId`, `firmPassword`, `firmName`, `taxId`, `firmHeadName`, `firmPhone`, `firmLocation`, `firmEmail`) VALUES
('firm001', 'f000000', '台忠旅行社', 12345678, '王台中', '0912345678', ' 新北市汐止區新台五路一段95號16樓之12號', 'f123456@mail.com'),
('firm002', 'f222222', '台南旅行社', 22222222, '王台南', '0922222222', '嘉義市東區興美三街28號', 'f222222@mail.com'),
('firm003', 'k000000', '台北旅行社', 12345679, '王台北', '0912345698', '高雄市大寮區永仁街33號', 'f21112@mail.com'),
('firm004', 'k1111111', '台新旅行社', 12345698, '王台新', '0965498721', '彰化縣彰化市彰秀路8號', 'f236522@mail.com'),
('firm005', 'c1111111', '高雄旅行社', 12345678, '王高雄', '0985423156', ' 苗栗縣苗栗市橫車路21號', 'k54689@mail.com'),
('firm006', 'p1111111', '台中旅行社', 12345678, '王台中', '0996521784', '宜蘭縣五結鄉錦草一路7號', 'f22659@mail.com');

-- --------------------------------------------------------

--
-- 資料表結構 `item`
--

CREATE TABLE `item` (
  `itemId` varchar(200) NOT NULL,
  `firmId` varchar(200) NOT NULL,
  `itemTitle` varchar(150) NOT NULL,
  `itemPrice` int(5) NOT NULL,
  `itemName` varchar(60) NOT NULL,
  `itemInfo` varchar(9000) NOT NULL,
  `itemAddr` varchar(90) NOT NULL,
  `itemLocation` varchar(150) NOT NULL,
  `itemListedDate` date NOT NULL,
  `itemStartDate` date NOT NULL,
  `itemEndDate` date NOT NULL,
  `itemSales` int(5) NOT NULL,
  `itemInvent` int(5) NOT NULL,
  `itemNote` varchar(4800) NOT NULL,
  `itemTraffic` varchar(1500) NOT NULL,
  `itemTotalStar` int(3) DEFAULT 0,
  `itemFilter1` varchar(9) NOT NULL,
  `itemFilter2` varchar(9) NOT NULL,
  `itemFilter3` varchar(9) NOT NULL,
  `itemFilter4` varchar(9) NOT NULL
) ENGINE=InnoDB DEFAULT CHARSET=utf16 COLLATE=utf16_unicode_ci;

--
-- 傾印資料表的資料 `item`
--

INSERT INTO `item` (`itemId`, `firmId`, `itemTitle`, `itemPrice`, `itemName`, `itemInfo`, `itemAddr`, `itemLocation`, `itemListedDate`, `itemStartDate`, `itemEndDate`, `itemSales`, `itemInvent`, `itemNote`, `itemTraffic`, `itemTotalStar`, `itemFilter1`, `itemFilter2`, `itemFilter3`, `itemFilter4`) VALUES
(1, 'firm001', '新竹尖石溫泉標準湯屋住宿券 ', 880, '新竹尖石溫泉標準湯屋住宿券', '－ 使用說明－\n    兌換方式：\n    - 湯屋券不接受預約，請於現場依序入場使用；為免久候，建議使用前可電話詢問現場狀況\n    - 住宿券使用時須提前 3 天撥打飯店電話預約並告知憑證上的核銷碼及體驗券內容\n    飯店名稱：石上湯屋渡假村\n    飯店電話：(03) 584-2605\n    飯店地址：新竹縣尖石鄉嘉樂村七鄰45號\n－ 方案介紹 －\n    石上湯屋渡假村｜平日雙人標準湯屋淡季 90 分鐘／旺季 60 分鐘泡湯券\n    - 本券恕不接受預約，為避免久候，建議於平日使用\n    - 本券可雙人泡湯淡季平日使用標準湯屋 90 分鐘， 旺季平日使用標準湯屋 60 分鐘\n    - 本券淡旺季假日 (週六、日、國定假日、連續假日及前夕) 需於現場加價 NT$800 方可使用 60 分鐘， 特殊假日恕不適用\n    - 淡季為 4 - 10 月、旺季為 11 - 3 月，平日為週一至週五，假日為週六至週日及國定假日，特殊假日（12/31 跨年、1/1 元旦、農曆春節期間）\n    - 如需加人 100 公分以下需加收 NT$100/人、100 公分以上需加收 NT$300/人。加時每 30 鐘需加收 NT$700\n    石上湯屋渡假村｜平日雙人標準湯屋淡季 90 分鐘／旺季 60 分鐘泡湯券＋2 客風味套餐\n    - 本券恕不接受預約，為避免久候，建議於平日使用\n    - 本券可雙人泡湯淡季平日使用標準湯屋 90 分鐘， 旺季平日使用標準湯屋 60 分鐘\n    - 本券淡旺季假日 (週六、日、國定假日、連續假日及前夕) 需於現場加價 NT$800 方可使用 60 分鐘， 特殊假日恕不適用\n    - 淡季為 4 - 10 月、旺季為 11 - 3 月，平日為週一至週五，假日為週六至週日及國定假日，特殊假日（12/31 跨年、1/1 元旦、農曆春節期間）\n    - 如需加人 100 公分以下需加收 NT$100/人、100 公分以上需加收 NT$300/人。加時每 30 鐘需加收 NT$700\n    石上湯屋渡假村｜平日標準湯屋一泊一食住宿券\n    - 請務必提前 3 天電話預訂並告知使用本券及內容，預約專線：(03) 584-2605\n    - 本券可雙人住宿石上湯屋標準湯屋一晚 (恕不指定房型) ，含 2 客早餐\n    - 本券限平日 (4 - 10 月週日至週五；11 - 3月週一至週四) 使用\n    - 本券假日 (週六及連續假日) 需加價 N$1,800、旺日 (11月~3月週五及週日) 需加價 NT$800，特殊假日（12/31 跨年、1/1 元旦、農曆春節期間）恕不適用\n    - 平旺假日定義如有異動，依現場公告為主，恕不另行通知\n    - 本券淡季(每年4 - 10 月) 入住時間 17:00、退房時間隔日 12:00，本券旺季 (每年11 - 3月) 入住時間 19:00、退房時間隔日 12:00\n    - 如需加人服務：身高未滿 110 公分或未滿 6 歲免費入住含備品及早餐、身高超過 110 公分或年滿 6 歲 (含)以上需加收$1200元／人 (含加床、備品及早餐)，每房最多加 2 人\n    石上湯屋渡假村｜平日標準湯屋一泊二食住宿券\n    - 請務必提前 3 天電話預訂並告知使用本券及內容，預約專線：(03) 584-2605\n    - 本券可雙人住宿石上湯屋標準湯屋一晚 (恕不指定房型) ，含 2 客早餐及 2 客風味套餐\n    - 本券限平日 (4 - 10 月週日至週五；11 - 3月週一至週四) 使用\n    - 本券假日 (週六及連續假日) 需加價 N$1,800、旺日 (11月~3月週五及週日) 需加價 NT$800，特殊假日（12/31 跨年、1/1 元旦、農曆春節期間）恕不適用\n    - 平旺假日定義如有異動，依現場公告為主，恕不另行通知\n    - 本券淡季(每年4 - 10 月) 入住時間 17:00、退房時間隔日 12:00，本券旺季 (每年11 - 3月) 入住時間 19:00、退房時間隔日 12:00\n    - 如需加人服務：身高未滿 110 公分或未滿 6 歲免費入住含備品及早餐、身高超過 110 公分或年滿 6 歲 (含)以上需加收$1200元／人 (含加床、備品及早餐)，每房最多加 2 人', '新竹尖石溫泉', '新竹縣尖石鄉七鄰45號313號 ', '2022-11-01', '2022-11-01', '2023-02-28', 99, 999, '本平台商品服務禮券載明之票面價值不等同於本平台售價。\n\n    訂購幾組就會在憑證上獲得幾組核銷確認碼，一組電子憑證限兌換一次，一經兌換即不可重覆使用，務必妥善保存，若因電子憑證遣失或造成被第三方兌換，所造成損失，需由消費者承擔，恕不補發。\n\n    湯屋券不接受預約，請於現場依序入場使用；為免久候，建議使用前可電話詢問現場狀況。\n\n    住宿券務必於使用 3 日前預訂並告知使用本券及內容，若未依規定提前預約，飯店有權不接受兌換。\n\n    泡湯券遇淡旺季假日 (週六、日、國定假日、連續假日及前夕) 需於現場加價 NT$800 方可使用 60 分鐘， 特殊假日（12/31 跨年、1/1 元旦、農曆春節期間）恕不適用。平旺假日定義如有異動，依飯店現場公告為主，建議使用前事先致電詢問。\n\n    泡湯券如需加人 100 公分以下需加收 NT$100/人、100 公分以上需加收 NT$300/人。加時每 30 鐘需加收 NT$700。\n\n    住宿券遇假日 (週六及連續假日) 需加價 N$1,800、旺日 (11月~3月週五及週日) 需加價 NT$800，特殊假日（12/31 跨年、1/1 元旦、農曆春節期間）恕不適用。平旺假日定義如有異動，依飯店現場公告為主，建議訂房前事先致電詢問。\n\n    住宿券如需加人服務：身高未滿 110 公分或未滿 6 歲免費入住含備品及早餐、身高超過 110 公分或年滿 6 歲 (含)以上需加收$1200元／人 (含加床、備品及早餐)，每房最多加 2 人。\n\n    未滿 6 歲免費兒童請攜帶健保卡或戶口名簿等相關證明文件以利辨識，如入住時無法出示則須依飯店現場規定補足差額。\n\n    平旺假日定義如有異動，依飯店現場公告為主，恕不另行通知。\n\n    為維護住宿清潔及品質，本飯店禁止攜帶寵物及炊具入住。\n\n    未持券者依店家現場收費標準辦理。\n\n    本券恕無法與其他優惠及專案合併使用。\n\n    票券優惠期間 (自開票日算起 1 年內) 同信託期間，逾期需依現場規定補價差使用。 ', '自行開車(北二高北上)： 竹林交流道下，往竹東方向行駛120縣道經橫山接台3線，至69km處右轉120縣道東行由內灣老街至尖石約3公里處，至尖石橋右轉直行即可到達。\r\n高鐵： 新竹六家高鐵站下車，轉六家台鐵火車至竹中站換內灣支線小火車至內灣線下車。', 5, '北區', '新竹市', '住宿', '民宿'),
(2, 'firm001', '六福村主題遊樂園四人套票', 660, '六福村主題遊樂園四人套票', ' － 2022 墓碑鎮活動介紹 －\n◆《美食饗宴 x 暗夜氛圍 幻化成詛咒》\n恐怖全都浮現在你眼前！ 印地安巫師悄然現身，低喃咒語，身上圖騰彷若顯靈般若隱若現，日復一日夜復一夜的孤寂與怨恨，印地安巫師召喚著萬惡陰魂 一場腥風血雨，即將肆虐墓碑鎮\n    活動地點：惡靈餐廳（美國大西部牛排館採預訂制）\n    活動時間：\n    - 假日午餐：12:30 場次 11:00 可入席用餐\n    - 假日晚餐：17:30 場次 16:00 可入席用餐 \n◆《魂斷墓碑鎮》百鬼喪屍大遊行\n一只詭異、神秘的娃娃 Renee，獨自出現在墓碑鎮， 受到印地安巫師和惡鬼們的欺負，然而 Renee淒厲的哭喊竟召喚出傳說中的地獄大惡龍， 令印地安巫師震驚不已。 他於是決定和Renee結盟，一起肆虐墓碑鎮\n    活動地點：惡靈大道（美國大西部主街道）\n    活動時間：14:00；逢周二停演；天候不佳取消演出\n◆《萬厄鬼門開》厄夜驚悚大遊行\n印地安巫師覬覦 Renee 的力量，希望將地獄大惡龍據為己有。 他設下圈套，試圖引誘 Renee 上鉤，反而卻令自己慘死在龍焰之下\n    活動地點：惡靈大道（美國大西部主街道）\n    活動時間：9/24-11/20【假日】19:00；天候不佳取消演出\n◆《惡鈴詭屋》The Hunted House\n膽小鬼勿入!!! 墓碑鎮限定鬼屋，黑暗中藏匿著多少惡鬼.. 月光血色，邪氣逼人，一踏入，就無躲藏之處，你逃得出去嗎?\n    開放時間依現場公告；逢周一停演，需消費入場\n◆《厄夜魅影》\n天幕低垂，厄夜染上黑色，葉縫透著若有似無的殘影… 萬厄陰魂瞬息而過，暫時停止呼吸，否則夜夜夢魘，在黑暗中將你給吞噬…\n    活動地點：惡靈大道 \n    活動時間：9/24-11/20【假日】17:30；天候不佳取消演出\n◆《萌鬼出任務》不給糖就搗蛋！\n換上最萌裝扮，跟著鬼王一起完成討糖任務！\n    活動地點：亡靈馬車\n    活動時間：【假日】11:00、15:00；天候不佳取消演出\n－ 園區介紹 －\n    營業時間：可參考六福村官網公告 \n    六福村主題樂園\n    由「 美國大西部 」、「 南太平洋 」、「 阿拉伯皇宮 」以及「 非洲部落 」等四大異國主題村所建構成，加上 2012 年推出「六福水樂園」，高達75公頃的廣闊遊樂場域，除了擁有 30 項以上廣受年輕人喜愛的驚險刺激遊樂設施以及適合親子同遊的野生動物園外，還有定時演出的音樂水舞秀、媲美迪士尼的大型花車遊行等各項精彩歌舞表演，期望能帶給消費者更多身心靈上的感動與滿足。\n－ 六福村主題樂園推薦設施 －\n    笑傲飛鷹\n    亞洲第一座 U 型滑軌懸吊式螺旋雲霄飛車，以瞬間最高時速 122 公里、360 度螺旋沖天、90 度垂直俯衝急速下降，刺激程度絕對讓您永生難忘，吸引知名韓國綜藝節目 Running Man 來台拍攝指定。\n    大怒神\n    從 17 層樓高瞬間降至地面的急速自由落體，在置高點欣賞美景同時體驗地心引力的威力。\n    蒸氣火車\n    除了豐富的動物資源外，更有全臺灣首屈一指、斥資 3 億台幣打造的『 英式復古蒸汽火車 』，提供遊客一覽野生動物王國獨特開放式面貌。 \n－ 防疫相關措施公告 －\n    全場域皆須配戴口罩\n    園區設施建議事先使用「Lineup」APP 預約，避免排隊久候\n    - Lineup APP 下載連結\n    - Lineup APP 預約 教學影片\n－  其它推薦商品 －\n＊鄰近六福村樂園的生態度假旅館：新竹｜關西六福莊生態度假旅館住宿\n＊往返六福村接駁服務：六福村墓碑鎮直達特快車｜台北車站號召勇者出發｜1人成行\n＊住宿加贈六福村門票：\n- 新竹｜新竹老爺酒店｜雙人房住宿｜贈送六福村萬聖節門票\n- 新竹福華大飯店｜雙人住宿含早餐｜贈送六福村萬聖節門票\n- 【限時快閃】桃園渴望會館｜住宿贈送六福村萬聖節門票\n- 桃園｜石門水庫福華渡假飯店｜住宿加贈六福村萬聖節門票\n2022.09.09 ~ 2022.11.20 六福村墓碑鎮 ｜《血夜厄無盡》百年詛咒 活屍再起！ 「美食饗宴 x 暗夜氛圍 幻化成詛咒」，恐怖全都浮現在你眼前！ 印地安巫師悄然現身，低喃咒語，身上圖騰彷若顯靈般若隱若現， 日復一日夜復一夜的孤寂與怨恨，印地安巫師召喚著萬惡陰魂 一場腥風血雨，即將肆虐墓碑鎮\n9/24-11/20【假日】美國大西部延長開園時間，絕不能錯過《萬厄鬼門開》厄夜驚悚大遊行\nKKday 獨家惡靈餐廳保留位，美食饗宴 x 暗夜氛圍 幻化成詛咒 恐怖全都浮現在你眼前！\n墓碑鎮｜恐怖特效投影駭人再現，惡靈餐廳頂級驚悚秀（2021 舊照參考）\n墓碑鎮｜惡魔山\n造訪六福村阿拉伯皇宮，感受不一樣的異國風情\n園內共分為四大異國風情主題村，園區內有定時演出的音樂水舞秀＆大型遊行等精彩表演。\n主要設施為中央的開放式大型噴泉，從地面上的噴水孔噴出水柱，是大小朋友都喜愛的園內設施。\n台首屈一指「英式復古蒸氣火車」，瀏覽非洲部落獨特開放式風貌。\n從火山口三層樓高的急流處瞬間俯衝而下，體驗剎那間驚險與剌激的感覺！', '六福村主題遊樂園', '新竹縣關西鎮仁安里拱子溝60號 ', '2022-11-01', '2022-11-01', '2023-02-28', 99, 999, '不建議患有下列疾病或其他不宜受到過度刺激的旅客參加此項目\n\n    高血壓、心臟病、懼高症、氣喘、癲癇、懷孕婦女\n\n    幼童未滿 3 歲或身高未滿 100 公分以下者，且有家長陪伴之幼兒可免費入園。年滿 3 歲 ( 100 公分 )至未滿 6 歲 ( 120 公分 )幼童，可於現場購買幼童票。孕婦、身障者或滿 60 歲以上長者 ( 需出示相關證件 ) 可於現場購買博愛票。\n\n    若發現年紀年與票種不符合，需依照現場公告之價格補差價。開票後若現場出示不符合預訂票種之身分證明導致無法換票，請自行負責，恕不接受退票。\n\n    票券一經兌換須於當日入園，逾期失效。入園前工作人員將在旅客手臂上蓋章，以便進出樂園。\n\n    營業時間、季節性活動及設施維修保養公告請參考官網。 ', '', 4, '北區', '新竹市', '活動', '室外活動'),
(3, 'firm001', '新竹老爺酒店餐券', 600, '新竹老爺酒店餐券', '◆ 請事先撥打飯店電話訂位並告知持有此券，訂位成功再購買餐券；結帳時請出示票券\n 飯店名稱：新竹老爺酒店｜Le café 咖啡廳\n    飯店地址：新竹市東區光復路一段 227 號\n    飯店電話：(03) 563 - 1285 分機 352\n    用餐時間：\n    - 午餐：11:30 - 14:00\n    - 下午茶：14:30 - 16:30\n    - 晚餐（僅週五、週六供應）：17:30 - 20:00', '新竹老爺酒店', '新竹市東區光復路一段227號', '2022-11-01', '2022-11-01', '2023-02-28', 99, 999, ' 票券無使用期限，但優惠效期為購買日起 8 個月，逾優惠期限後持券消費者可以本券面額折抵飯店現場餐飲消費。\n\n    使用票券前須事先致電新竹老爺酒店｜Le café 咖啡廳 (03) 563 - 1285 分機 352 訂位，使用憑證上的合作店家確認號，就能於現場核銷使用，訂購幾組就會在憑證上獲得幾組核銷確認碼。\n\n    如遇特殊節日，需依票面金額補足與現場定價差價（含服務費）後方可使用，特殊節日定義為：國慶日 10/8-10/10、聖誕節 12/24 - 12/25、跨年 12/31、元旦 1/1、農曆新年期間、西洋情人節、和平紀念日、清明婦幼節、勞動節、母親節期間、端午節等特殊節日、特殊美食節或特殊促銷活動，詳依飯店公告為準。\n\n    票券為折扣後之優惠價使用，恕不得與其他優惠活動合併使用。\n\n    退貨之禮券需依票面金額收取 3% 手續費。 ', '', 4, '北區', '新竹市', '美食', '餐廳'),
(4, 'firm001', '酒糟牛全牛火鍋饗宴 良金牧場 ', 1680, '酒糟牛全牛火鍋餐券', '－ 行程資訊 －\n  營業時間：10:30-20:00\n    體驗場次：11:00 / 13:00 / 15:30 / 17:30\n    體驗地點：良金牧場-工廠總店\n    體驗地址：金門縣金湖鎮漁村160號\n    行程長度：2 小時\n－店家介紹－\n    良金牧場 -金門專業飼牛人\n    良金牧場設立於民國79年，創立契機為解決金門高粱酒廠過剩酒糟所造成海洋環境汙染而投入飼養金門黃牛。 民國92年成立『良金食品加工廠』通過ISO22000及HACCP食品安全驗證，堅持在地做ㄟ尚青，專研各部位料理特性，投入牛肉加工研發，結合最佳料理法及創新靈感，融合金門在地物產，製作多元多樣的在地特色好物。 民國99年經中央畜產會認證為『全台第三家中央畜產會認證履歷牧場』，多年豐厚養殖經驗，深入專研牛隻飼養專業，精進落實全國最高等級安全衛生 良金牛隻以百分之百純粹高粱酒糟搭配牧場自種牧草圈養穀飼，營養豐富，品質穩定，形成均勻油花，肉質Q彈滑嫩、風味鮮美甘甜，為推廣金門牛肉，良金更首創『鮮涮牛肉麵』創新吃法，講求『新鮮、原味、健康』，憑藉牧場餐桌一條龍優勢，期盼每一位貴賓都能嚐到實實在在金門限定酒糟牛滋味，推出以來，短時間內躍為『金門必吃美食』。 良金堅持深耕在地、專業飼牛、認真研發，透過食品發揚金門。', '良金牧場', '金門縣金湖鎮漁村160號 ', '2022-11-01', '2022-11-01', '2023-02-28', 99, 999, '全牛火鍋饗宴為 2 位起訂，若須額外增加單人，低消為 $480 / 位，身高 120 公分以下之兒童，低消為 $200 /位\n    為維持食材的新鮮度與品質，續不提供外帶及打包服務\n    因店內空間有限，為保留預訂人數舒適座位，訂購時請選擇入座場次\n    若旅客有嬰幼兒需準備兒童座椅，請於預訂時備註告知，以利安排座位\n    預約時段保留座位 10 分鐘，逾期後自動失效 ・用餐時間 120 分鐘，以訂位時間起計時，如遲到則會縮短用餐時間\n    不吃牛肉的貴客也能到店單點享用《金門傳統好滋味--阿嬤海鮮麵》(不包含在套餐裡，需另單點)', '', 4, '離島', '金門縣', '美食', '餐廳'),
(5, 'firm001', '【台灣好行巴士－ 暢遊金門】金門各路線乘車券體驗 ', 250, '台灣好行巴士-金門各路線乘車券', '－ 票券介紹 －\n・A線 - 水頭翟山線\n－路線：金城車站 - 金城衛生所 - 西門里公所 - 體育館 - 莒光樓\n- 空中大學 - 水頭聚落 - 明遺古街 - 文台寶塔 - 翟山坑道 - 珠山 - 金城車站（班次：每日一班，08:30發車 - 12:03返抵）\n・B線 - 古寧頭戰場線\n－路線：金城車站(金城車站金城民防坑道入口) - 體育館 - 西門里公所 - 金城民防坑道出口 - 金城衛生所 - 救國團 - 光前廟 - 和平紀念園區 - 北山洋樓 - 古寧頭戰史館 - 雙鯉濕地自然中心 - 慈湖三角堡、觀景台 - 金城車站（班次：每日一班，13:25發車 - 17:19返抵）\n・C線 - 獅山民俗村線\n－週一路線：山外車站 - 沙美老街 - 沙青路 - 馬山觀測所 - 獅山炮陣地 - 山後民俗文化村 - 迎賓館 - 山外車站（班次：每日一班，08：25 發車，12：06 返抵）\n－週二至週日路線：山外車站 - 山後民俗文化村 - 獅山炮陣地 - 馬山所 - 文化園區 - 山外車站\n（班次：每日一班，08：25 發車，12：15 返抵）\n・D線 - 榕園太湖線\n－路線：山外車站 - 八二三戰史館、榕園及俞大維紀念館 - 特約茶室展示館 - 瓊林聚落 - 自行車故事館 - 陳景蘭洋樓 - 山外車站（班次：每日一班，13：25 發車，17：15 返抵）', '旅客下榻的金門飯店櫃檯 ', '旅客下榻的金門飯店櫃檯 ', '2022-11-01', '2022-11-01', '2023-02-28', 99, 999, '0 - 6歲兒童可免費同行，不提供單獨座位。\n\n持本券搭乘台灣好行金門路線時，由駕駛員註記乘車起迄時間後搭乘。\n\n乘車券有效使用期間內，可以憑券不限次數搭乘本處各公車路線，一張票券限一人使用。\n\n本券為不記名，遺失恕無法掛失及補發。\n\n有關金門台灣好行路線、發車時間及乘車地點等資訊，請詳洽金門縣公共車船管理處，服務電話(082)332814、0800-822823。\n\n詳細各站停留時間以台灣好行官網為主http://www.kinmendiway.com/en/index.php。\n\n本券一經使用或毀損，恕無法接受退票：但因人力不可抗拒之', '', 4, '離島', '金門縣', '交通', '客運'),
(6, 'firm001', '金門三天兩夜自由行｜來回機票｜台北/ 台中/ 高雄出發', 660, '金門來回機票', '－行程介紹－ \n費用包含台灣出發至金門的往返機票、住宿。可自行安排旅遊行程。\n－景點介紹－\n    瓊林紅磚樹牆\n由金門在地藝術家吳鼎信先生特別籌畫兩個多月，與瓊林村60多位民眾核心協力打造出高三公尺，寬十八公尺的紅磚窯蓋成的樹牆，其紅磚採用古法窯燒方是鑄成，隨著歲月的痕跡，更能激發出紅磚的魅力；紅磚樹牆的推出，立即成為金門十大IG打卡景點！\n    瓊林風獅爺\n這尊雕工細膩，神態栩栩如生的石雕風獅爺，坐西南向東北，獅身高188公分，寬50公分，深44公分，是金門風獅爺的重要代表作，是觀光客必看的藝術瑰寶。神情威猛，手持「令」旗，胸前佩掛示警鈴鐺，大有一夫當關，萬邪莫侵的架式。既是瓊林村民的守護神，更是金門地區不可或缺的「觀光大使」。\n    金門迎賓館\n全世界唯二的金門迎賓館，過去有「地下希爾頓飯店」之稱，於軍管時代，金門早期常有外賓參訪，但苦無住宿的地方，為接待外賓而建造；現除了開放部分的設施外，還展覽了鄧麗君小姐在金門勞軍的相關資料與影片。\n    八二三戰史館\n民國47年震驚中外的八二三砲戰，寫下中華民國歷史重要的一頁；金門此一小島，卻要負起悍衛中華民國之責，短短的44天，落彈量達47萬餘發，其後又經歷20年的「單打雙不打」，直到民國67年中共與美國建交才結束中共的砲火攻擊。本館建於民國77年，主要展覽金門在戰爭時的展況報導與居民生活情況。\n    羅寶田紀念園區\n羅寶田神父因為征戰波及，西元1954年來到金門，從此就在金門落腳，參與了砲戰期間救治傷患的工作，也為當時醫療技術和設備落後的金門民間，貢獻他畢生的精力。位於金湖鎮太湖畔的羅神父紀念園區，正是羅神父當年為金門百姓看病施藥的「天主教堂」所在地。\n    梁山觀止步道\n沿著全長約400公尺的梁山步道，正常步行約30至40分鐘，山頂可遠眺料羅灣南岸，古崗村山明水秀盡入眼底，「觀止」二字意謂風景秀麗，嘆為觀止之意，故以此為名。（若因氣候不刻因素，例如：下雨天，導致導遊現場認定可能有危險時，將更換景點為翟山坑道，造成不便，敬請見諒。）\n    建功嶼\n清末民初時，金門當地百姓會將麻瘋末期病患遷至島內，任其自生自滅，故又稱「麻瘋島」，讓居民聞之卻步。民國38年，國軍在此建立據點，興建嚴密的防禦工事，控制金烈水道；民國49年，才正式改名為建功嶼。\n    莒光樓\n莒光樓的造型概念，源自於古典建築的做法，但具新意的比例調整與形式轉化，使得整座建築呈現雄渾的氣勢。莒光樓曾作為中華民國郵票的圖案，發行版色甚多，隨著郵票傳佈全球，馳名國內外，更是許多國內外賓客訪金的第一站，與「毋忘在莒」勒石同樣成為戰地金門著名的地標性建築。\n    金城模範街\n興建於1924年的模範街長約75公尺，街道兩旁是40間住商混合的店屋，充滿南洋風情的紅磚拱廊加上整齊美觀的街道足以作為街道的模範，所以取名為《模範街》。模範街的興建年代正是金門海外華僑經濟實力最巔峰的時候，以當時最新進及最現代的南洋殖民城市做參考範本，採所謂「五腳基」的建築形式，用連續的廊柱呈現。\n    邱良功母節孝坊\n建於清嘉慶17年（1812年），係旌表平寇大將邱良功之母貞孝守節的事蹟而設，為國定古蹟。牌坊由墨綠色的青斗石和泉州白石雕鑿而成，造型雄徫，雕飾繁多，是台閩地區現存牌坊中最華麗壯觀的一座；柱腳的石獅中有一尊被奉為“石獅仙姑”的彩衣母獅，傳說是邱母許氏的化身，被當地居民視為守護神\n    金城總兵署\n自清康熙二十一年金門鎮總兵陳龍自金門城遷治「後浦」，這裡成為清代金門的軍政中心。清金門鎮總兵署為台閩地區僅見的總兵署，極具歷史價值。現有配置為清道光年間的四進式規模，中軸線上由前至後依次配置，山川門、大堂、穿堂、內署、內宅，形成前朝後寢的內外之別。山川門為門面，大堂則為主要治事空間，也是總兵署的中心，內宅為起居生活空間，兩側配置對稱之廂房，皆有廊道，為僚屬的辦事空間。建物前埕寬闊，前方並有照壁，圍塑出後浦城少有的廣場空間；內庭亦廣，植有綠意盎然的大榕樹可供遮陽。民國之後，相繼為金門縣公署、金門防衛部、福建省政府、金門戰地政務委員會等政府機關駐紮處，具有特殊的歷史意義。現為清代軍政主題的展示館。\n    漫步沙美老街\n金沙鎮中心為「沙美」，早期沙美是金門相當繁榮的地方，不但有鼎沸的人潮與軍人，但是在軍人大量裁撤與人口外移後，沙美商圈逐漸的沒落，這反而給沙美多了股美麗的惆悵感，雖然人口不再眾多，但是其獨特的文化力與美食卻深植於地方上，透過導覽來窺探沙美的文化之美吧！\n龍宮 鱟 ：結合金門的海洋與陸地，入夜後牠將亮起光芒，如一頭在夜裡甦醒的巨獸，帶領著在地島民們神往海洋故事裡的神秘陸上龍宮－照片由金門縣觀光處提供', '金門機場', '金門縣金湖鎮尚義機場2號', '2022-11-01', '2022-11-01', '2023-02-28', 99, 999, '搭乘國內航線請於出發前一小時抵達機場，攜帶有效身分證件（成人需有照片之身分證、健保卡、駕照、護照等；嬰兒、兒童需要戶口名簿或是健保卡(可接受無照片)），敬請旅客自行前往各航站航空櫃檯辦理登機相關手續，領取登機證後，請前往託運行李或前往通關進入候機室。\n\n    請於訂單中提供正確中文姓名，以便完成報名。\n\n    出發前五至七天會再提供詳細的行前說明 ', '', 4, '離島', '金門縣', '交通', '機票'),
(7, 'firm002', '澎湖來回計畫機票四日｜台北松山機場出發 ', 2600, '澎湖來回計畫機票', '－ 計畫機票介紹 －\n所謂的計畫機票，又稱\"團體湊票\" 或 \"計畫旅行機票\" 或 \"計畫優惠票\"…等，它有固定的去程與回程時間，無法更改日期，無法延後回程或提早搭乘!適合對旅遊有預先確認行程之旅客，而其受歡迎的原因也在於其票價相對個人機票較為便宜與划算！\n－ 專案內容說明 － \n【澎湖計畫旅遊票 4 日】 \n   此專案為 2 人以上方可開票，請於訂購時提供正確中文姓名、身分證字號、生日，開票後恕無法更改。 \n    此機票限團去團回，恕無法指定航班、日期、天數、變更進出點及延回。 \n    此特惠機票為團體機票，不提供小孩、老人、愛陪、殘障等優惠。 \n    嬰兒票：未滿 2 歲且有成人陪伴之不佔位嬰兒，開票及搭機憑證需出示戶口名簿或健保卡或護照等相關證明文件來開立嬰兒免費機票，一位成人至多可陪伴一名不佔位嬰兒 \n    本票種不可累積航空公司哩程數、不可事先指定坐席或劃位 (航空公司系統配位 )。 \n    機票一經開立後已「無退票價值」，恕無法辦理退票或任何更改，亦不可換人。若取消將没收全額機票款項。 \n    班機起飛前 90 分鐘開始辦理櫃台報到及行李託運手續，逾時無法辦理登機手續。 \n    行李托運每位 10 公斤，若有變動依航空公司公告為主 \n    航班安排：立榮航空【台北松山／澎湖馬公】 來回經濟艙團體機票，航班時間以訂購後回覆為主，恕無法指定航班時間，參考航班：\n    【午去早回航班】去程 B78615 松山→澎湖 15:00-15:50／回程B78606 澎湖→松山 09:50-10:40\n    【午去午回航班】去程 B78615 松山→澎湖 15:00-15:50／回程B78610 澎湖→松山 13:20-14:10\n    【早去午回航班】去程 B78605 松山→澎湖 08:00-08:50／回程B78616 澎湖→松山 16:40-17:30\n    【早去晚回航班】去程 B78609 松山→澎湖 11:30-12:20／回程B78626 澎湖→松山 20:10-22:10\n好禮贈送｜機車 24 小時】 \n  機車為兩人一台不含油料，若需單騎須補價差每台 NT$200；單數報名恕不贈送，如需加購須補價差：每台 NT$200，並請於訂購時備註告知。 \n    機車租用安排於機票出發日之隔日 09:00 開始租用，使用時間為 24 小時。 若需延長使用時間，可於訂購時事先告知，費用 NT$400／每台／每 24 小時。 \n    需自行前往馬公市區車行取還車【車行資料以說明會資料提供為主】。 \n    取車須攜帶本人有效駕照正本，若無駕照者視同自動放棄，恕無法另行退費。 \n    好禮贈送若不使用視同自動放棄，恕無法另行退費，敬請理解。', '台北松山機場', '台北市松山區敦化北路340-9號', '2022-11-01', '2022-11-01', '2023-02-28', 99, 999, '最少出團人數 2 人，當參加人數未達上述規定的最少成團人數時，將取消旅遊行程，於出發日前 3 天發出取消旅遊的 Email 通知。\n\n    本行程為自由行，無領隊、導遊帶領，請自行於指定時間至松山機場辦理報到 。\n\n    搭乘國內線航班請攜帶有照片之身分證明文件，未領有身分證者（如孩童），可持戶口名簿或有照片之健保卡或附有照片之效期內學生證等文件搭機。\n\n    各類優惠票（嬰兒票、兒童票、敬老票）皆須備齊相關證明文件以供查驗，如經查驗身分不符、無效證件或未帶證件者，將補收票價差額。\n\n    航空公司於班機表定起飛時間前 60 分鐘開始受理乘客報到作業，乘客應於班機表定起飛時間前 30 分鐘辦妥報到手續。乘客未於前項時間內完成報到手續者，航空公司得取消其訂位。\n\n    乘客隨身攜帶行李以不超過一件為原則，合計不超過 7 公斤，每件長寬高不得超過 56x36x23 公分，超過上述限制者，應改以託運方式運送。經濟艙乘客之免費託運行李額度為 10 公斤（除享有票價免費優待者外，不得少於 10 公斤），商務艙乘客之免費託運行李額度為 20 公斤（除享有票價免費優待者外，不得少於 20 公斤），超過時航空公司得另外收費。\n\n    搭乘班機時請參考各航空公司相關搭乘規定及公告禁帶之物品相關規定，國內航空皆無提供餐食服務。\n\n    團體票無法預先劃位，亦無法指定走到或窗位，座位安排係由航空公司調度，同行者不一定能相鄰，敬請見諒。\n\n    團體票限團去團回，恕無法指定航班、日期、天數、變更進出點及延回，機票一經開立後，亦不可改名或換人或退票，敬請留意。\n\n    行前如遇颱風、地震等人力不可抗拒之因素，本公司保有延期出發或扣除已支付費用後再退費之權利。 ', '', 4, '離島', '澎湖縣', '交通', '機票'),
(8, 'firm002', '聚味軒海鮮中餐廳海派明蝦餐 | 福朋喜來登 ', 3600, '澎湖福朋喜來登酒店餐券', '－服務介紹－\n    用車時間：2/3.5/5/8/10 小時\n    服務時間：07:00~20:00\n    服務時間外以超時費X1.5計算請訂購時備註\n    出發地點：馬公市中心起 10 公里內之民宿或飯店、馬公港、機場或指定地點。\n    回程地點：原出發地點、馬公港、機場或指定地點。\n    司機語言：中文\n－ 車款資訊 －\n【車型：五人座車】 ( VIOS 或同等級） \n    乘載人數：1 - 4 名旅客(建議1-3位乘客較為舒適) \n    超時費用：NT$500 / 時 \n【車型：九人座車】（福斯 T5、T6、Vito 或同等級） \n    乘載人數：1 - 8 名旅客 ・超時費用：NT$800 / 時 \n    九人座車座椅為乘坐舒適設計，如需載運行李敬請於訂單備註以利安排合適車輛\n－ 包車路線 －\n    【包車半日遊 3.5 小時】\n    ・建議路線：\n    1. 南環線\n    2. 奎壁山踏浪+探訪南寮社區(浮球秘境)\n    3. 精簡版北環線(大約3-4個景點)\n  【包車半日遊 5 小時】\n    ・建議路線：\n    1. 南環線\n    2. 北環線\n    3. 奎壁山踏浪+東環線+南環線\n    【包車一日遊8小時】\n    ・建議路線：\n    1. 北環線\n    2. 南環線+北環線\n    3. 奎壁山踏浪+北環線\n    【包車一日遊10小時】\n    1. 北環線\n    2. 南環線+北環線\n    3. 奎壁山踏浪+北環線\n    【南環線】澎湖國家風景區管理處室內導覽認識澎湖 - 鎖港魚市(下午場) - 鎖港南、北塔 - 蛇頭山 - 風櫃聽濤 - 嵵裡沙灘 - 山水沙灘\n    【北環線】天堂路(後寮碼頭) - 通樑古榕 - 澎湖跨海大橋 - 大義宮 - 小門鯨魚洞 - 二崁古厝 - 大菓葉柱狀玄武岩 -三仙塔(外垵漁港)(台版小希臘) - 西嶼燈塔\n    【東環線】奎壁山踏浪(摩西分海) - 南寮社區(浮球秘境) - 菓葉灰窯 - 隘門沙灘 - 林投公園\n    【自訂路線】可提前或當天與司機討論調整行程，以不違規、不超速、路線順暢為原則 ', '澎湖福朋喜來登酒店3F，聚味軒海鮮中餐廳 ', '澎湖縣馬公市新店路197號3F ', '2022-11-01', '2022-11-01', '2023-02-28', 99, 999, '餐飲訂席中心：(06)9271005\n\n    套餐內容為固定菜色，恕不接受更換菜色內容\n\n    本商品無法累積萬豪集團點數\n\n    優惠不可與其他優惠或折扣合併使用，且不可兌換現金\n\n    特殊節日恕不適用，特殊節日定義為:母親節(5/8-5/10)、父親節(8/7-8/9) ', '', 4, '離島', '澎湖縣', '美食', '餐廳'),
(9, 'firm002', '福朋喜來登酒店住宿 ', 3600, '福朋喜來登酒店住宿券', '－ 住宿說明 －\n    飯店名稱：澎湖福朋喜來登酒店\n    飯店地址：澎湖縣馬公市新店路 197 號\n    官方網站\n    入住時間：15:00 以後\n    退房時間：11:00 以前\n－ 房型資訊 －\n【街景豪華雙床客房】\n酒店內豪華雙床客房房型， 12 坪大的空間配有 48 吋電視及免費 wi-fi 設備。豪華客房以溫暖的色彩為基調，舒適簡約的風格，滿足每位度假的旅人一切的舒適與度假的愜意。\n    床型資訊：萬豪集團指定英國斯林百蘭名床 Slumberland ，二中床 152cm x 210cm x 2 張，羽絨床組\n    客房設施：衛星及有線電視、48 吋液晶電視、獨立電子空調、Wi-Fi 上網服務、國際萬用插座、保險箱、VingCard 感應式門鎖、時尚辦公桌、雅仕沙發椅\n    衛浴設備：免治馬桶（微電腦控制）、超大直徑雨式花灑蓮蓬頭、浴室魔術玻璃\n【市景豪華雙床客房】\n酒店內市景豪華雙床客房房型，視野面對馬公市區，並可延伸看到港灣景色，12 坪大的空間配有 48 吋電視及免費 wi-fi 設備、大型獨立陽台。 \n    床型資訊：萬豪集團指定英國斯林百蘭名床 Slumberland ，二中床 152cm x 210cm x 2 張，羽絨床組\n    客房設施：衛星及有線電視、48 吋液晶電視、獨立電子空調、Wi-Fi 上網服務、國際萬用插座、保險箱、VingCard 感應式門鎖、時尚辦公桌、雅仕沙發椅 \n    衛浴設備：免治馬桶（微電腦控制）、超大直徑雨式花灑蓮蓬頭、浴室魔術玻璃\n【港景豪華雙床客房】\n酒店內港景豪華雙床客房為兩中床房型，12 坪大的空間配有 48 吋電視及免費 wi-fi 設備，配有大面落地窗一覽美景，面對港景的大型獨立陽台，一覽馬公美景。 \n    床型資訊：萬豪集團指定英國斯林百蘭名床 Slumberland)，二中床 152cm x 210cm x 2 張，羽絨床組\n    客房設施：衛星及有線電視、48 吋液晶電視、獨立電子空調、Wi-Fi 上網服務、國際萬用插座、保險箱、VingCard 感應式門鎖、時尚辦公桌、雅仕沙發椅 \n    衛浴設備：免治馬桶（微電腦控制）、超大直徑雨式花灑蓮蓬頭、浴室魔術玻璃\n【港景豪華雙人客房】\n酒店內港景豪華雙人客房為一大床房型，12 坪大的空間配有 48 吋電視及免費 wi-fi 設備，配有大面落地窗一覽美景，面對港景的大型獨立陽台，享受島嶼氣氛，實現度假美夢。 \n    床型資訊：萬豪集團指定英國斯林百蘭名床 Slumberland)，一大床 210cm x 210cm，羽絨床組 \n    客房設施：衛星及有線電視、48 吋液晶電視、獨立電子空調、Wi-Fi 上網服務、國際萬用插座、保險箱、VingCard 感應式門鎖、時尚辦公桌、雅仕沙發椅 \n    衛浴設備：免治馬桶（微電腦控制）、超大直徑雨式花灑蓮蓬頭、浴室魔術玻璃', '澎湖福朋喜來登酒店 ', '澎湖縣馬公市新店路197號 ', '2022-11-01', '2022-11-01', '2023-02-28', 99, 999, '    須年滿 20 歲以上登記入住並持有中華民國身分證或外僑居留證者。\n\n    防疫期間，為配合政府措施及保障所有賓客身體，請配合體溫測量及手部消毒。\n\n    請務必詳閱並遵守飯店之入住規範，為維護全體賓客權益，飯店保有權利拒絕接受預訂及旅客入住，敬請知悉。\n\n    房內陳設及格局請以實際入住之安排為主，恕無法指定，敬請見諒。\n\n    如有特殊需求，將視入住時可提供的服務而定，並可能產生額外的費用。\n\n    額外收費項目請一律以實際報價為主，並請於現場將費用支付予飯店。\n\n    不適用累積萬豪集團點數及房晚數累計。 ', '', 4, '離島', '澎湖縣', '住宿', '飯店'),
(10, 'firm002', '蘭嶼綠島交通 | 台南到台東 | 定點共乘接送往台東富岡漁港 ', 2600, '蘭嶼綠島交通船票', '－ 服務介紹 －\n台南到台東富岡漁港\n出發時間：凌晨4:00、凌晨6:00、 (逾時不候)\n搭車地點：台南永康交流道(萊爾富)　\n車程：約 240分鐘\n＊此班次為台中出發之共乘車輛，車輛抵達各乘車地點將會有提早或延後，若抵達地點未見車輛可與司機聯絡，以便確認車輛到達各接送點時間，若車輛準時抵達各接送點未見乘客司機將會電話聯繫乘客，若於司機電聯乘客並等候5分鐘乘客尚未上車導致車輛發車後無搭乘此車輛，恕不退款。\n＊請務必於備註提供船班資訊。\n台東富岡漁港到台南\n上車地點：台東地區農會 農特產精品伴手館\n下車地點: 台南永康交流道(萊爾富)\n出發時間：13:45、17:45 (逾時不候)\n車程：約 240 分鐘\n＊請務必於備註提供船班資訊\n＊如遇船班延誤，司機將視延遲情況等待旅客，如因船班延誤或取消導致無法搭上共乘車，將視狀況調整接送車次。\n＊此班次為台東富岡漁港出發之共乘車輛，若車輛準時抵達各接送點未見乘客司機將會電話聯繫乘客，若於司機電聯乘客並等候5分鐘乘客尚未上車導致車輛發車後無搭乘此車輛，恕不退款。', '台南永康交流道', '台南市永康區中正北路314號 ', '2022-11-01', '2022-11-01', '2023-02-28', 99, 999, ' 為配合政府，旅客需於出發前48小時提供快塞(陰性)證明。若無法提供證明者將無法提供服務，敬請見諒。\n\n以上所述服務內容，本公司有調整發車時間及售價之權利\n\n此共乘車服務當天將視情況調整用車本服務為共乘/合車之服務，無法挑選服務車款、無法提供挑選指定座位。 ', '', 4, '離島', '綠島鄉', '交通', '船票'),
(11, 'firm002', '綠島美食 | BBQ 碳烤到飽 | 晚餐時段 | BBQ燒烤吃到飽 ', 2500, ' BBQ燒烤吃到飽餐券', '－服務介紹－\n    用餐餐廳：阿剛碳烤\n    用餐地址：台東縣綠島鄉公館村柴口115號\n    營業時間：\n    週一 - 週五17:30~23:00\n    週六 - 週日17:30~00:00\n    用餐時間限制：2 小時\n現場歡唱、綠島BBQ熱鬧氣氛即刻擁有', '阿剛碳烤 ', '台東縣綠島鄉公館村柴口115號 ', '2022-11-01', '2022-11-01', '2023-02-28', 99, 999, ' 可填寫候補場次，如場次已額滿順延於憑證通知。\n\n    如該餐廳當日全數已額滿，會於憑證通知其他可參考綠島 BBQ 碳烤餐廳 ( 火窟/小美/小明)，旺季餐廳恕無法指定，以餐廳有位，依最終憑證為主。 ', '', 4, '離島', '綠島鄉', '美食', '餐廳'),
(12, 'firm002', '綠島溫泉｜朝日溫泉門票 ', 250, '朝日溫泉門票 ', '－ 朝日溫泉資訊 －\n 營業時間：\n    - 週一至週日 05:30-09:30、16:30-23:00\n    - 每日09:30 到 下午 16:30 為清消時間不營業\n    地址：臺東縣綠島鄉公館村溫泉路167號\n－ 取票資訊 －\n  取票地點：戀戀火燒島民宿\n    戀戀火燒島民宿地址：台東縣綠島鄉南寮漁港1-80號\n    取票時間：08：00 - 20：00\n－ 朝日溫泉介紹 －\n    綠島朝日溫泉-世界級海底溫泉\n綠島東南方帆船鼻礁岩潮間帶，面對無際太平洋海面上升起的日出，因此日治時期有著「旭溫泉」美名。除晨間泡湯觀日出絕美時機外，夜晚更能遠離城市喧囂靜聽海濤浪擊石聲，欣賞滿天星斗銀河、體驗以海底溫泉現煮出鮮味美食料理，愜意享受的朝日溫泉靜謐。\n    朝日溫泉設施\n規劃五座露天梯田景觀溫泉池，區分熱水和溫水池，混合泡湯、須著泳衣、泳帽入池，可容納三、四百名遊客，室內溫泉池SPA水療設施、海景瞭望視野廣闊、完善觀景步道、觀海涼亭、設有盥洗室、置物櫃以及販賣部等便利友善空間。\n   海底溫泉的形成\n溫泉水質透明，溫度約53度，湧出口的泉水可達90度，帶有海水的鹹味，屬於硫酸鹽氯化物泉。泉水來源是由附近海域的海水或地下水滲入地底，經火山岩漿庫加熱後因壓力作用從潮間帶露出所形成，屬火成岩區的溫泉。區內設有體驗區以95度海湧泉水現煮料理新鮮享用。', '戀戀火燒島民宿', '臺東縣綠島鄉公館村溫泉路167號 ', '2022-11-01', '2022-11-01', '2023-02-28', 99, 999, '取票地點：戀戀火燒島民宿\n\n    民宿地址：台東縣綠島鄉南寮漁港1-80號\n\n    取票時間：08：00 - 20：00\n\n    請於抵達朝日溫泉前於民宿領取紙本門票、票券為單次使用入場券。 ', '', 4, '離島', '綠島鄉', '活動', '室外活動'),
(13, 'firm002', '台東知本老爺酒店｜船歌餐廳午餐', 450, '台東知本老爺酒店-船歌餐廳午餐餐券', '◆ 請事先撥打飯店電話訂位並告知持有此券，訂位成功再購買餐券；結帳時請出示票券\n    飯店名稱：台東知本老爺酒店｜船歌餐廳\n    飯店地址：台東縣卑南鄉溫泉村龍泉路 113 巷 23 號\n    飯店電話：(089) 510 - 680\n    用餐場次時間：午餐 11:30 - 14:00\n    泡湯時間（二選一）：\n    - 天幕風呂：09:00 - 23:00（最後入場時間為 22:30）\n    - 心采風呂：07:00 - 11:30（最後入場時間為 11:00），14:00 - 24:00（最後入場時間為 23:30）\n    如何抵達：飯店提供知本火車站、台東火車站、台東機場往飯店單程付費接駁服務，須向電飯店服務中心預約', '台東知本老爺酒店', '台東縣卑南鄉溫泉村龍泉路113巷23號 ', '2022-11-01', '2022-11-01', '2023-02-28', 99, 999, ' 票券無使用期限，但優惠效期為購買日起 8 個月，逾優惠期限及不適用日期可依票面額 NT$ 450 或 NT$ 620 折抵飯店現場消費。\n\n    使用票券前須事先致電台東知本老爺酒店｜船歌餐廳 (089) 510 - 680 訂位，使用憑證上的合作店家確認號，就能於現場核銷使用，訂購幾組就會在憑證上獲得幾組核銷確認碼。\n\n    如遇特殊節日，需依票面金額補足與現場訂價差額（含服務費）後方可使用，特殊節日定義為：除夕夜、農曆春節初一~初二、母親節當週六日、中西洋情人節及其前夕、聖誕夜、聖誕節、12/31、1/1 及飯店公告之特定活動日期（各節日定義依人事行政局公佈之日期為準）。\n\n    天幕風呂請穿戴泳裝與泳帽入池；心采風呂室內裸湯。\n\n    票券為折扣後之優惠價使用，恕不得與其他優惠活動合併使用。\n\n    退貨之禮券需依票面金額收取 3% 手續費。 ', '', 4, '東區', '臺東縣', '美食', '餐廳'),
(14, 'firm002', '台東知本老爺酒店餐券｜酋長鐵板燒｜須自行電話訂位 ', 630, '台東知本老爺酒店餐券-酋長鐵板燒', ' 商品說明\n◆ 請事先撥打飯店電話訂位並告知持有此券，訂位成功再購買餐券；結帳時請出示票券\n    飯店名稱：知本老爺酒店｜酋長鐵板燒\n    飯店地址：台東縣卑南鄉溫泉村龍泉路 113 巷 23 號\n    飯店電話：(089) 510 - 666\n    營業時間：\n    - 午餐 11:30 - 14:00\n    - 晚餐 17:30 - 21:00\n    如何抵達：飯店提供知本火車站、台東火車站、台東機場往飯店單程付費接駁服務，須向電飯店服務中心預約，詳情請參閱', '台東知本老爺酒店', '台東縣卑南鄉溫泉村龍泉路113巷23號 ', '2022-11-01', '2022-11-01', '2023-02-28', 99, 999, '票券無使用期限，但優惠效期為購買日起 8 個月，逾優惠期限即不適用日期可依票面額 NT$ 620 折抵飯店現場消費。\n\n    使用票券前須事先致電台東知本老爺酒店｜酋長鐵板燒 (089) 510 - 666 訂位，使用憑證上的合作店家確認號，就能於現場核銷使用，訂購幾組就會在憑證上獲得幾組核銷確認碼。\n\n    如遇特殊節日，需依票面金額補足與現場訂價差額（含服務費）後方可使用，特殊節日定義為：除夕夜、農曆春節初一~初二、母親節當週六日、中西洋情人節及其前夕、聖誕夜、聖誕節、12/31、1/1 及飯店公告之特定活動日期（各節日定義依人事行政局公佈之日期為準）。\n\n    票券為折扣後之優惠價使用，恕不得與其他優惠活動合併使用。\n\n    退貨之禮券需依票面金額收取 3% 手續費。 ', '如何抵達：飯店提供知本火車站、台東火車站、台東機場往飯店單程付費接駁服務，須向電飯店服務中心預約，詳情請參閱', 4, '東區', '臺東縣', '美食', '餐廳'),
(15, 'firm002', '【季節限定】台東野溪溫泉｜栗松野溪溫泉秘境探索', 2000, '台東野溪溫泉導覽', '泉水經年累月淋灑岩壁，瀑布的水痕在山壁上畫下了五彩繽紛的色彩，因礦物質結晶而閃耀五顏六色溫泉壁，還有附生其上不怕溫泉高溫的綠色藻類，將整片溫泉崖壁彩繪成五彩繽紛的圖案，如同一道翡翠屏風矗立在峽谷裡，加上瀰漫溫泉霧氣，把栗松溫泉點綴得如童話般的仙境，讓人有置身於世外桃源之感。\n栗松溫泉標高1075公尺，和一般地湧式溫泉不同，屬於瀑布溫泉，泉水從山壁石縫間流出，在新武呂溪峽谷右側的岩壁上匯聚成數道泉瀑，最高溫泉瀑布有30公尺。栗松溫泉的水溫約45~65度，酸鹼值約pH7，屬於弱鹼性的碳酸泉。', '栗松野溪溫泉', '栗松野溪溫泉', '2022-11-01', '2022-11-01', '2023-02-28', 99, 999, '    最少出團人數 5 人，當參加人數未達上述規定的最少成團人數時，將取消旅遊行程，於出發日前 3 天發出取消旅遊的 Email 通知。\n\n    若遇颱風、暴風雪等天候不佳的情況，將於出發前 1 天（當地時間 12:00 ）決定此團是否取消出發，之後將隨時以電子郵件形式通知。\n\n    不建議患有下列疾病或其他不宜受到過度刺激的旅客參加此項目\n\n    高血壓、心臟病、懼高症、氣喘、癲癇、懷孕婦女\n\n    請務必於 10 分鐘前抵達指定地點，為避免耽誤之後行程，逾時不候。\n\n    參加年齡限制：12歲以上~65歲以下，未滿18歲家長須全程陪同參加。栗松野溪溫泉如有交通管制，為順利通行嚮導可能會提早出發，確認後最晚前一天通知。\n\n    進入栗松溫泉需要登山、溯溪，從入口至溫泉來回至少要兩個小時，十分考驗體力，請自行斟酌自身能力，不宜激烈運動者，如心臟病、高血壓、氣喘癲癇症及孕婦、12歲以下兒童或65歲以上年長者不可參加。\n\n    需接駁服務者，請選擇內含接駁的方案，預訂完成後恕無法單獨加購接駁服務、也無法於活動當日臨時要求教練接駁。選擇內含接駁方案者，請於活動確認成行後，主動聯繫活動教練安排接送位置，感謝配合。 ', '', 4, '東區', '臺東縣', '活動', '室外活動'),
(16, 'firm002', '花蓮秘境生態溯溪｜砂婆噹・翡翠谷・三棧溪', 800, '花蓮秘境生態溯溪', '－ 行程資訊 －\n    集合時間：08:00、13:00（依季節調整）\n    集合地點：自行前往，活動前一天客服會公告集合地點\n    行程長度：約 3 小時，依現場狀況為主\n－ 景點介紹 －\n花蓮大大小小的溪流接近百條，其中秘境處處，途中常有深潭清澈見底、瀑布湍流飛瀉、巨石當道行道終、魚蝦成群悠游溯行而上、蟲鳴鳥叫。生態豐富，偶見蝴蝶翩翩起舞、老鷹盤旋而翔。美景處處皆是，假日好個花蓮秘境之旅，等你來體驗。\n溯溪行程將會依當日狀況選擇一條路線進行活動（砂婆噹、翡翠谷、三棧溪）。如遇特殊狀況會以白鮑溪、荖溪、米亞丸溪代替。\n－ 行程介紹 －\n    行前教育及著裝：約 30 分鐘\n    享受溯溪探秘、觀賞沿途生態及秘境景觀：約 120-180 分鐘\n    換裝、整理裝備：約 30 分鐘', '自行前往，活動前一天客服會公告集合地點', '自行前往，活動前一天客服會公告集合地點', '2022-11-01', '2022-11-01', '2023-02-28', 99, 999, '最少出團人數 4 人，當參加人數未達上述規定的最少成團人數時，將取消旅遊行程，於出發日前 1 天發出取消旅遊的 Email 通知。\n\n    不建議患有下列疾病或其他不宜受到過度刺激的旅客參加此項目\n\n    高血壓、心臟病、氣喘、癲癇、懷孕婦女\n\n    活動安排將會因參加人員狀況、設施狀況、天候因素等而做調整，以安全及整體品質為最高考量。\n\n    活動期間若氣候或現場狀況不佳時，請聽從教練及領隊指示行事。\n\n    發揮團隊精神協助隊友，切勿脫隊自行活動。\n\n    如因天候或活動場地等因素有變動，會提前以電話方式通知。\n\n    若非教練指示，請勿自行脫除身上安全裝備。\n\n    戶外無廁所、無盥洗服務。我們會提供更衣帳，請自備更換衣物、浴巾。 ', '', 4, '東區', '花蓮縣', '活動', '室外活動'),
(17, 'firm003', '花蓮｜美侖大飯店住宿｜客房全新裝潢・露天游泳池・遊戲島嶼最新 VR 設施 ', 4600, '美侖大飯店住宿券', '－ 住宿說明 －\n    飯店名稱：美侖大飯店\n    飯店地址：花蓮市林園 1-1 號\n    飯店電話：(03) 822 - 2111\n    官方網站\n    入住時間：15:00 以後\n    退房時間：11:00 以前\n－ 專案介紹 －\n◆ 客房｜含早餐\n    住宿 1 晚\n    早餐，依購買房型人數提供（型態以飯店現場公告為準）\n    飯店部份設施免費使用\n    花蓮火車站至飯店來回定時定點接送乙次（請務必提早預約）\n◆ 客房｜一泊二食\n    住宿 1 晚\n    景觀早餐，依購買房型人數提供（型態以飯店現場公告為準）\n    綠苑自助晚餐，依購買房型人數提供（自助式晚餐僅提供至10/31，用餐時間 17:30-19:00、19:30-20:00，型態以飯店現場公告為準）\n    飯店部份設施免費使用 \n    花蓮火車站至飯店來回定時定點接送乙次（請務必提早預約）\n－ 客房＆配備介紹 －\n   豪華客房｜一大床 160cm x 200cm x 1 張，12 坪，無浴缸，入住人數 2 位\n    豪華客房｜二小床 120cm × 200cm x 2 張，12 坪，部分房型有浴缸，入住人數 2 位\n    豪華家庭客房｜二中床 160cm x 200cm x 2 張，12 坪，無浴缸，入住人數 4 位\n　- 不提供加床\n　- 液晶電視、免費 WIFI\n　- 小冰箱、電煮壺、瓶裝礦泉水、咖啡包及茶包\n　- 沐浴備品、環保拖鞋、吹風機、毛巾\n　- 嬰兒床、澡盆（數量有限，需事先預約）', '美侖大飯店 ', '花蓮市林園1-1號 ', '2022-11-01', '2022-11-01', '2023-02-28', 99, 999, '    防疫期間，為配合政府措施及保障所有賓客身體，請配合體溫測量及手部消毒。\n\n    請務必詳閱並遵守飯店之入住規範，為維護全體賓客權益，飯店保有權利拒絕接受預訂及旅客入住，敬請知悉。\n\n    房內陳設及格局請以實際入住之安排為主，恕無法指定，敬請見諒。\n\n    如有特殊需求，將視入住時可提供的服務而定，並可能產生額外的費用。\n\n    額外收費項目請一律以實際報價為主，並請於現場將費用支付予飯店。\n\n    全館恕不提供加床服務。\n\n    入住時間內，每房至多提供一個停車位。\n\n    飯店至花蓮火車站定點定時來回接駁服務乙次，需事先預約。\n\n    為響應環保愛護地球， 於 2022/06/01 起客房內僅提供沐浴乳、洗髮乳、潤髮乳，其餘一次性備品將不主動提供（包含牙膏、牙刷、牙線、梳子、浴帽、身體乳液、刮鬍刀、棉花棒），入住期間如有需求請以客房電話與房務部聯絡。 ', '接駁車相關資訊如下：\n【接駁服務】\n● 接駁巴士僅提供花蓮火車站定時定點 ←→ 飯店來回接送（車程約 12 - 15 分鐘），服務時間如下：\n美侖大飯店發車時間》10:00、10:30、11:00、11:30、12:30、13:00、14:20、15:00、15:30、16:00、17:00（末班）。\n花蓮火車站發車時間》11:10、11:40、12:10、12:50、13:20、14:10、15:10、16:10、16:50、17:30、18:30（末班）。\n● 花蓮火車站上車位置於前站東出口；接駁巴士服務採預約制，最晚預約時間為搭車前一天晚上 20:00 前，如欲取消請於發車前一小時前告知。\n● 如需花蓮機場接送服務請致電 (03) 822 - 2111 轉服務中心，將依需求提供服務和報價。\n● 花蓮美侖保有變更時段之權利，如有異動以飯店現場公告為準。', 4, '東區', '花蓮縣', '住宿', '飯店'),
(18, 'firm003', '【季節限定】台灣花蓮｜嘻餐町賣火柴的餐桌（森林晚餐） ', 2200, '嘻餐町餐券', '－行程介紹－\n「賣火柴的餐桌」是在花蓮鹽寮海岸森林中的戶外野餐活動。由專人擺上餐桌餐具、架設烹飪器具與棚子並升起暖呼呼的營火堆，現場製作十道特色料理及飲品，不間斷上桌，且餐點皆採用花蓮新鮮在地食材，讓您吃得安心又健康。\n活動特別選在微風輕撫的樹林中舉辦，溫暖營火堆旁，品嚐精緻晚餐佳餚，賓客在樹林芬多精的環抱下，體驗獨特的花蓮森林環境饗宴。\n－餐點介紹－\n    迎賓香檳\n    清蔬沙拉+法棍\n    繽紛氣泡飲\n    原民甕仔雞\n    塩焗花蓮活水台灣鯛\n    直火鐵鍋厚工牛排\n    法式黃金清湯\n    手工自製奶酪\n    漂流木時令鮮果盤\n    暖心奶茶/咖啡\n＊因季節時令變化，食材可能微調變動，不另行通知', '嘻餐町 ', '花蓮縣壽豐鄉鹽寮村鹽寮17號 ', '2022-11-01', '2022-11-01', '2023-02-28', 99, 999, '最少出團人數 6 人，當參加人數未達上述規定的最少成團人數時，將取消旅遊行程，於出發日前 1 天發出取消旅遊的 Email 通知。\n\n    請務必於 10 分鐘前抵達指定地點，為避免耽誤之後行程，逾時不候。', '', 4, '東區', '花蓮縣', '美食', '餐廳'),
(19, 'firm003', '台灣宜蘭｜太平山國家森林遊樂區門票 ｜平假日均可使用 ', 150, '太平山國家森林遊樂區門票 ', '－ 行程說明 －\n    開放時間：\n    非假日：06:00 - 20:00\n    例假日＆暑假：04:00 - 20:00 \n    鳩之澤溫泉服務時間：09:00 - 19:00（煮蛋槽開放時間 09:00 - 18:00）\n    農曆除夕當日休園一天，小年夜當日不提供住宿。\n    兌換方式：至太平山國家森林遊樂區售票站由工作人員感應QR code後即可入場。半票、免票等優待票種請於現場購票（票種參考）。\n    聯絡電話：03-9809805\n    營業地址：臺灣宜蘭縣大同鄉太平巷58之1號\n    凡購買森林遊樂區電子門票之消費者，免收取停車費費用\n－ 景點介紹 －\n海拔1950公尺的太平山，是僅次於阿里山的林業傳奇，1915年日本人開始這裡的伐木事業，後來由國民政府接手，成為台灣最大的林場，最後在1983年轉型為遊樂區，留下見晴鐵道、蹦蹦車等珍貴的遺跡。\n太平山舊稱「眠腦」，是泰雅族語「鬱鬱蒼蒼」之意，太平山蘊藏珍貴林木，昔日與阿里山、八仙山並列為臺灣三大林場，如今遺留許多生產作業後的索道、山地軌道、集材機等遺跡。在這裡，可以坐上蹦蹦車，沉浸在森林芬多精的世界，或至薄霧輕攏的翠峰湖畔，傾聽大自然美妙樂章、觀賞多變的生態，或是在清晨欣賞太平山的雲海、日出，迎接美麗的一天。當然，在回家途中，更別錯過鳩之澤翠林幽谷中的迷人湯泉。', '太平山國家森林遊樂區', '臺灣宜蘭縣大同鄉太平巷58之1號 ', '2022-11-01', '2022-11-01', '2023-02-28', 99, 999, '    目前園區禁止攜帶寵物及放生。 ', '自行開車：\n1. 從基隆：基隆→省道台2線(濱海公路) →壯圍→省道台7線→省道台7甲線(3.7K)→宜專1線→土場→鳩之澤→太平山\n2. 從台北：\n(a) 台北→國道5號→宜蘭(交流道)→省道台7線→省道台7甲線(3.7K)→宜專1線→土場→鳩之澤→太平山\n(b) 台北→國道5號→羅東(交流道)→省道台7丙線→省道台7線→省道台7甲線(3.7K)→宜專1線→土場→鳩之澤→太平山\n(c) 台北→省道台9線(北宜公路)→頭城鎮→宜蘭市→省道台7線→省道台7甲線(3.7K)→宜專1線→土場→鳩之澤→太平山\n3. 從桃園：桃園→大溪→省道台7線(北橫公路)→省道台7甲線(3.7K)→宜專1線→土場→鳩之澤→太平山\n4. 從花蓮：花蓮→省道台9線(蘇花公路)→省道台7丙線→省道台7線→省道台7甲線(3.7K)→宜專1線→土場→鳩之澤→太平山\n大眾交通\n國光客運【1750】', 4, '北區', '宜蘭縣', '景點', '觀光景點'),
(20, 'firm003', '宜蘭礁溪寒沐酒店餐券', 800, '寒沐酒店餐券', ' 購買須知\n   MU TABLE 兒童收費（依飯店現場公告為主）：\n    - 0 - 5 歲免費\n    - 6 - 12 歲：平日午餐 NT$ 490＋10％，假日午餐 NT$ 640＋10％，下午茶 NT$ 350＋10％，晚餐 NT$ 640＋10％\n    - 13 歲（含）以上為成人價\n    - 此餐價不適用於國定假日、農曆除夕、農曆春節、中西情人節、母親節週末假期、父親節、耶誕夜、耶誕節、跨年夜及主題美食節\n    寒沐會館兒童收費（依飯店現場公告為主）：\n    - 6 - 12 歲：平日泡湯 NT$ 320，假日泡湯 NT$ 420\n    寒沐會館設施：健身房、戶外大眾溫泉池、戶外溫水游泳池及兒童池\n    提供餐廳圖片或菜色食材圖片僅供參考，實際會依季節變化有所調整請以現場提供為準\n    商品（服務）禮券銷售所收取之金額，已存入發行人於第一商業銀行之信託專戶，專款專用：所稱專用，係指供發行人履行交付商品或提供服務義務使用。信託期間自禮券銷售日（以票券上記載之銷售日期為準）起算一年。第一銀行信託查詢平台\n    依 109 年 4 月 10 日公告之商品（服務）禮券定型化契約應記載及不得記載事項（自公告日起適用）第貳條第四項：禮券應記載消費者要求退還禮券之程序及返還金額。消費者退還禮券，企業經營者得收取手續費，其費用不得逾返還金額百分之三。詳細資訊可至行政院官網公告查看：定型化契約應記載及不得記載事項', '礁溪寒沐酒店｜MU TABLE ', '宜蘭縣礁溪鄉健康路1號 ', '2022-11-01', '2022-11-01', '2023-02-28', 99, 999, '    票券無使用期限，但優惠效期為購買日起 4 個月，逾優惠效期經確認未使用可辨理退貨。\n\n    使用票券前須事先致電礁溪寒沐酒店｜MU TABLE (03) 905 - 5716 訂位並告知訂單憑證上的信託號碼，若未事先告知餐廳將依照情況有權拒絕餐券的使用。\n\n    不適用於：農曆除夕及春節期間。\n\n    患有心臟病、高血壓或孕婦及飲酒後請勿使用大眾湯，敬請見諒並注意。\n\n    使用大眾湯池需著泳衣、泳褲，泳池及兒童池需著泳衣、泳褲及泳帽。\n\n    使用健身房須著運動服、運動鞋及毛巾，適用年齡為 16 歲以上。\n\n    票券為折扣後之優惠價使用，恕不得與其他優惠活動合併使用。\n\n    退貨之禮券需依票面金額收取 3% 手續費。 ', '', 4, '北區', '宜蘭縣', '美食', '餐廳'),
(21, 'firm003', '宜蘭冬山｜茶園農遊半日遊｜茶園導覽＋茶DIY體驗行程（兩人成行） ', 600, '茶園導覽DIY體驗行程', '－ 星源茶園 －\n位於宜蘭三星的茶園，創辦者-劉進財先生，在茶園命名時以爸爸劉明星與兒子劉景源的名字結合，而成為現在的星源茶園，近年兒子劉景源繼承父業，將茶園轉型，逐漸轉變成友善農業，並發展休閒體驗活動。從早期的手工綠茶冰淇淋到現在的評茶體驗、茶葉故事枕等活動，希望透過努力讓更多人看到宜蘭茶，目前透過國際交流、結合在地、服務創新、有機園區、推廣教育等優勢被評選為台灣最有特色的亮點茶莊之一。茶園結合體驗的趣味活動，提供茶園導覽、評茶體驗、手工綠茶冰淇淋、茶葉故事枕、苦茶油生態導覽、簡易紅綠茶製作等深度旅遊行程，提供中英文導覽服務，讓農業能夠更有趣、更貼近民眾，未來希望可以研發更多不同的創新產品，服務更多不同的客群，發揮專業長才，讓台灣茶的好廣傳國際。\n－ 手作綠茶冰淇淋(活動時間約一個小時) －\n到茶園體驗還可以做運動？返鄉青農發揮創意，茶也可以玩得很有趣，把冰淇淋原料結合在地純綠茶粉，放入小搖桶裡面，搭配音樂舞動身體，搖出一杯自己的冰淇淋，要認真搖才會成功唷！\n－ 絹印茶香故事枕(活動時間約一個小時) －\n運用各種絹版圖騰述說宜蘭在地故事，解說不同的茶葉採收方式，製作成不同形狀的茶乾，分級後的茶葉有許多運用在生活的方式，可以選擇喜歡的圖案印在枕頭外布上，再將新鮮茶枝放入內袋裡，製作屬於自己的茶香故事枕，將宜蘭在地故事及茶香帶回家。', '星源茶園 ', '宜蘭縣冬山鄉中山村中城路115號 ', '2022-11-01', '2022-11-01', '2023-02-28', 99, 999, '   請於活動開始前10~20分鐘自行前往星源茶園集合\n\n    現場備有免費路邊停車，不負保管責任 ', '', 4, '北區', '宜蘭縣', '活動', '室外活動'),
(22, 'firm003', '小琉球船票 | 東港漁港 - 小琉球來回船票 & 機車 & 乘車金 | 東琉線 (不需換票) ', 390, '小琉球船票 ', '東琉線 [東琉線聯營，由六艘船組成的團隊] *疫情期間實際船班以現場調動為主', '東琉線聯營處 ', '東琉線聯營處 ', '2022-11-01', '2022-11-01', '2023-02-28', 99, 999, '   請依照所需搭乘船班時間，提早15分鐘攜帶身分證件，憑 QR code 登船或使用訂單編號至櫃檯取票登船。\n\n    訂購加購乘車金套餐，台灣大車隊乘車金序號將於所選出發日前一日寄出電子憑證，請加以留意。\n\n    訂購加購乘車金套餐，乘車金可使用有效期為兌換日起 5 天內有效，如因提前或延後兌換而導致乘車金無法使用將屬個人因素，不予以取消或退款。\n\n    訂購加購乘車金套餐，使用車隊乘車金須先至台灣大車隊55688 APP將序號兌換至會員帳號(手機門號)內，並完成信用卡綁定後方可使用 (每次限用一張)。\n\n    訂購加購乘車金套餐，如計程車車資超過乘車金面額，超過之金額會直接使用綁定的信用卡扣款。\n\n    訂購加購乘車金套餐，乘車金序號無法兌換現金或找零，請一次抵用完畢，不可重複使用。\n\n    訂購加購乘車金套餐，乘車金序號具唯一性，經 KKday 寄出乘車金憑證後不接受取消或返還，亦不可轉換為現金。\n\n    訂購加購乘車金套餐，乘車金序號請自行妥善保管，如遭他人盜用，本券不再補發。\n\n    訂購加購乘車金套餐，乘車金序號有效與否，以發行人票券系統所記錄之狀態為憑。\n\n    訂購加購乘車金套餐，乘車金序號為有價證券，請勿擅自偽造、變造，以免觸犯刑責。\n\n    訂購加購乘車金套餐，台灣大車隊單次搭乘僅能使用一個折扣金。\n\n    訂購加購乘車金套餐，台灣大車隊乘車金序號折抵僅限使用55688 app叫車服務，路邊招攬計程車將無法使用。 ', '', 4, '離島', '小琉球', '交通', '船票'),
(23, 'firm003', '小琉球古拉克民宿｜平日雙人房主題型住宿券', 2159, '古拉克民宿｜平日雙人房主題型住宿券', '－ 使用說明 －\n    民宿名稱：小琉球古拉克\n    民宿地址：屏東縣琉球鄉本福村中山路 61 - 20 號\n    民宿電話：0930 - 101 - 968\n    入住時間：14:00 以後 \n    退房時間：10:00 以前\n    兌換方式：票券使用前須事先撥打民宿電話預約並告知憑證上的核銷碼\n－ 方案介紹 －\n   小琉球古拉克主題雙人房（MO）\n    - 可兌換小琉球古拉克雙人房主題房型（含早餐）\n    - 適用於平日使用（週日至週五）\n    - 如在假日（週六、連續假日、國定假日）使用，須現場補差額 NT$ 1,000\n    - 暑假期間不適用\n    - 升等其他多人房型依照民宿規定加價\n    - 如超出房間人數，滿 3 歲以上將酌收 NT$ 600', '小琉球古拉克', '屏東縣琉球鄉本福村中山路61-20號 ', '2022-11-01', '2022-11-01', '2023-02-28', 99, 999, '   使用期限：指定使用效期 2021-12-30 之前使用有效，逾期無效。\n\n    使用票券須事先致電小琉球古拉克民宿 0930 - 101 - 968 訂房並告知訂單憑證上的核銷碼，若未事先告知民宿將依照情況有權拒絕票券的使用。\n\n    入住時請出示本電子票券並提供櫃檯核銷，當日如未出示券號將以原價收費。\n\n    一房僅限使用一張券，多房可使用多張。\n\n    不可與其他優惠方案併用，不找零及兌換現金。\n\n    民宿嚴禁抽菸跟攜帶寵物入住。 ', '', 4, '離島', '小琉球', '住宿', '民宿'),
(24, 'firm004', '小琉球｜潛水＆水肺潛水 Fun Dive 體驗 ', 2500, '小琉球潛水＆水肺潛水體驗行程', '－行程介紹 －\n小琉球位於台灣西南方，屬於珊瑚礁島嶼。 因黑潮支流影響，小琉球是台灣全境年平均海溫最高的地方，海溫終年都維持在攝氏25度以上，1月平均海溫25.0度，7月平均海溫29.4度。冬季時海溫相較恆春後壁湖的1月平均海溫22.0度高上3度之多，是台灣冬季最適合從事浮潛等海上活動的地點之一。小琉球因其溫暖的海水而孕育上千種以上不同的珊瑚礁，在島嶼的南北兩側珊瑚覆蓋的種類也完全不同，小琉球東北面的龍蝦洞以軟珊瑚為主，東南面的厚實礁群則是多以硬珊瑚為主，因此生物呈現多樣性分佈。\n    集合地點：小琉球琉潛 - 屏東縣琉球鄉本漁路81巷22-2號\n    集合時間：建議於各場次前10分鐘至集合地點集合\n    行程長度：約2小時', '小琉球琉潛', '小琉球琉潛 - 屏東縣琉球鄉本漁路81巷22-2號', '2022-11-01', '2022-11-01', '2023-02-28', 99, 999, '需要按照預訂日期及當天開放時間內使用，逾期失效 ', '', 4, '離島', '小琉球', '活動', '室外活動'),
(25, 'firm004', '屏東海生館門票 ', 250, '屏東海生館門票 ', '－ 館區介紹 －\n    屏東國立海洋生物博物館\n    國立海洋生物博物館位於後灣，是全台灣規模最大的，館內魚類種類豐富，分成台灣水域館、珊瑚王國館、世界水域館，包含三層樓高的水族箱、海底隧道，或是可愛的企鵝、悠游自在的小白鯨與鯊魚，都讓人猶如親臨海底世界般，非常值得一遊！不僅適合家庭團體，就連大人們也能在這裡玩得十分盡興\n    那些企鵝的愛情故事\n    自 10 月 29 日至 2023 年 1 月 2 日推出「那些企鵝的愛情故事」季節限定活動，內容深具吸引力，邀請遊客到館內感受這場炙熱的愛火。 屏東海生館今年首度推出的「那些企鵝的愛情故事」，展出六對企鵝情侶的甜蜜故事，分別為「老大＆幸福蛋」、「魯夫＆布魯克」、「小蜜桃＆小萌」、「大熊＆光光」、「瓜吉＆娃娃」以及「大碗＆咩仔」，其中有情竇初開的青梅竹馬 CP、年齡差了 17 歲的老少配、交往 10 年的模範夫妻，以及在館內被稱為「美女與野獸」的奇妙組合等，現場將分享牠們結為連理背後的努力與過程、甜蜜與心動，讓遊客體驗牠們樸實動人的愛情。\n    虛擬海世界 VR 體驗館\n    親子必遊景點屏東海生館，除了模擬海洋生態教育展示帶領遊客了解海洋世界真實樣貌，近來更引進時下盛行最新VR技術，帶領遊客潛入海洋，彷彿親身感受海底世界奇幻樣貌；同時搭乘極地探險車，前進南北極探索驚人地形樣貌，讓民眾只要戴上 VR 裝置，就能立刻身歷其境展開一段前所未有的奇幻旅程\n    屏東海生館推出「極境漫遊66.5度」互動展示體驗看看。屏東海生館透過空間造景搭配光雕投影、沉浸式劇場、觸控互動效果，打造沉浸式感官體驗，全面重塑極地水域三個區域「極光隧道、北極區、南極區」，讓你宛如一秒走進雪白的極地世界，為全球首座採用虛擬實境技術所建構的「無水水族館」，以虛擬和實體結合的奇妙參觀體驗。\n    屏東海生館最新活動及相關節目資訊請至官網或粉絲專頁查看詳情。 ', '屏東海洋生物博物館 ', '屏東縣車城鄉後灣村後灣路 2 號 ', '2022-11-01', '2022-11-01', '2023-02-28', 99, 999, '因交通、天氣等不可抗力因素所引起的時間延誤，造成部份行程景點取消時，請您主動聯絡客服，我們將會為您辦理部份退款。 ', '', 4, '南區', '屏東縣', '景點', '博物館&美術館'),
(26, 'firm004', '墾丁長灘休閒飯店住宿｜雙人房｜可選擇海景房 ', 3300, '墾丁長灘休閒飯店住宿雙人房住宿券', '－ 專案說明 －\n    銷售日期：2022/9/1 至 2022/12/31\n   入住日期：2022/9/1 至 2022/12/31\n    內容：\n    - 提供雙人房愛情海客房一大床/二小床、愛情海客房（海景）一大床/二小床、3 - 4人房愛情海客房二中床、3 - 4 人房愛情海客房（海景）二中床 \n    - 依房型人數提供翌日早餐\n    - 每房可免費入住一位 3 歲(含)以下或身高未滿 100 cm 不佔床兒童，含早餐\n    - 住宿期間 B1 大型兒童遊樂區「 FUN電屋 」免費暢玩、免費使用三溫暖之設施、免費使用戶外戲水池', '墾丁長灘休閒飯店 ', '屏東縣車城鄉海口路 6 - 5 號 ', '2022-11-01', '2022-11-01', '2023-02-28', 99, 999, ' 注意事項\n\n    防疫期間，為配合政府措施及保障所有賓客身體，請配合體溫測量及手部消毒。\n\n    請務必詳閱並遵守飯店之入住規範，為維護全體賓客權益，飯店保有權利拒絕接受預訂及旅客入住，敬請知悉。\n\n    如有特殊需求，將視入住時可提供的服務而定，並可能產生額外的費用。\n\n    額外收費項目請一律以實際報價為主，並請於現場將費用支付予飯店。\n\n    房內陳設及格局請以實際入住之安排為主，恕無法指定，敬請見諒。 \n', '', 4, '南區', '屏東縣', '住宿', '飯店'),
(27, 'firm004', '【墾丁熱門戶外活動】墾丁漆彈生存戰120發 ', 450, '墾丁漆彈生存戰活動', '－行程資訊－\n    適用對象：7歲以上之旅客\n    開放時間：早上 9:00 至晚上 18:00\n    行程長度：約90分鐘\n    體驗地址：OTD色彈休閒運動場，屏東縣恆春鎮墾丁路 17 號（青年活動中心內）\n    ＊因應疫情影響，此活動場所無法隨意進入，旅客進入活動場所時，需先電話聯繫：08-8898001，現場將有專人協助你入館。\n－ 行程介紹 －\n推薦墾丁專業漆彈射擊場！OTD色彈休閒運動場位於南灣天鵝湖飯店旁，是墾丁地區很有規模的合法色彈運動場，場地很大，而且優良的規劃和整理，團隊有多年的經營經驗，提供全套完整的裝備，包含迷彩服裝、安全面罩等，而且指導教練也很專業喔！', 'OTD色彈休閒運動場', '屏東縣恆春鎮墾丁路17號 ', '2022-11-01', '2022-11-01', '2023-02-28', 99, 999, '     不建議患有下列疾病或其他不宜受到過度刺激的旅客參加此項目\n\n    高血壓、心臟病、氣喘、癲癇、懷孕婦女', ' 青年活動中心內\n＊因應疫情影響，此活動場所無法隨意進入，旅客進入活動場所時，需先電話聯繫：08-8898001，現場將有專人協助你入館。\n                                ', 4, '南區', '屏東縣', '活動', '室外活動'),
(28, 'firm004', '奶糖香紅茶茶歐蕾・蜜香紅烏龍茶歐蕾', 250, '飲料兌換券', '－ 產品特色 －\n嚴選來自紐西蘭南島的全脂奶粉，由新鮮無汙染的全脂生乳低溫殺菌(巴氏殺菌)後，噴霧乾燥而成的產品，採用最先進的尖端科技設備生產，不添加任何添加物，成份精準純正，品質穩定性特高。不含抗生素、農藥及輻射污染，品質管制最嚴苛，是世界上最衛生、最安全的超特級鮮奶粉。\n全新升級金冰糖：我們使用來自台南東山在地生產的精緻無漂白的自然金色冰糖，製作過程上以粗白糖與赤砂糖混合溶解成的糖液靜置而成，糖蜜含量高且蔗糖香氣怡人，口感溫和。\n— 商品介紹 —\n    奶糖香紅茶茶歐蕾\n    老欉山茶，大葉種的小喬木，經歷過一甲子的時間，主根盤據在山林岩盤間，展現出旺盛的生命力。日月潭魚池鄉種植紅茶大概有230公頃，然而野生茶樹僅占地13公頃，足見其稀少及珍貴。\n   蜜香紅烏龍茶歐蕾\n    「蜜香紅烏龍」，受小綠葉蟬叮咬過的小葉種，佐特有的高發酵度製作工藝精製，其外觀有其傳統紅茶的捲曲、緊實條索，獨特風味經典呈現。茶湯色澤澄紅明亮，滋味溫潤順口無澀。', '高雄茶歐蕾', '高雄茶歐蕾各店', '2022-11-01', '2022-11-01', '2023-02-28', 99, 999, '  請填寫配送範圍內之住家資料，超出服務範圍者將視為取消訂單，恕無法履行服務內容。\n\n    宅配運送，請務必於收件資料欄位填寫「中文全名」與「詳細地址」（包含 「縣/市 」及 「鄉/市/區/鎮」 等資訊）。\n\n    選擇日期為期望到貨日期，到貨日可能會提早或延後，若遇國定假日到貨日則順延，敬請見諒。\n\n    本公司依消保法規定，食品不適用於消費者保護法第 19 條，並不享有 7 天鑑賞期，售出亦不可退款不可取消，敬請知悉。\n\n    以消費者收受日起算，商品有效期限不低於保存期限的三分之一以上。 ', '', 3, '南區', '高雄市', '美食', '飲料'),
(29, 'firm004', '高雄｜ 和逸飯店‧高雄中山館 Cozzi THE Roof 單人下午茶套餐券', 300, ' 和逸飯店‧高雄中山館 Cozzi THE Roof 單人下午茶套餐券', '◆ 請事先撥打餐廳電話訂位並告知持有此券，訂位成功再購買餐券；結帳時請出示票券\n－ 和逸飯店‧高雄中山館 Cozzi THE Roof 單人下午茶套餐券 －\n    優惠適用日期：2022年10月25日至2023年06月30日（逾期依面額可轉為現金券使用）\n    使用方式：請事先電話訂位，並告知使用此票券\n    【使用 1 張券】可兌換之內容：\n    憑券可至『和逸飯店・高雄中山館 Cozzi THE Roof』於平假日下午茶時段單人享用【下午茶套餐】乙客\n    包含：\n    1. 三層式套餐，共 9 種點心\n    2. 現煮咖啡＆精選茶品（9 選 1）\n    ※ 點心內容依季節調整\n\n\n\n－ 飯店介紹 －\n\n    【和逸飯店 高雄中山館】\n    地址：高雄市前鎮區中山二路 260 號\n    訂位電話：(07)975-6677\n    供應時間：\n    午餐：11:30 - 14:00（2022/5/16 - 5/31 週一至週四以套餐供應）\n    下午餐：14:30 - 17:00\n    晚餐：18:00 - 21:00（2022/5/16 - 5/31 週一至週四以套餐供應）', '和逸飯店．高雄中山館 ', '高雄市前鎮區中山二路260號 ', '2022-11-01', '2022-11-01', '2023-02-28', 99, 999, '    票券優惠適用日期：2022年10月25日至2023年06月30日（逾期依面額可轉為現金券使用）。\n\n    票券無使用效期，優惠效期為 2023.06.30 止，逾優惠效期經確認未使用 KKday 將免費取消。\n\n    本券之面額為優惠售價，已存入發行人於台新國際商業銀行股份有限公司開立之信託專戶，專款專用，信託期間自出售日起算一年。台新銀行之信託查詢序號，將於訂購成功後以訂單訊息提供予訂購人。\n\n    發行商資訊：酷遊天股份有限公司／地址：台北市內湖區新湖一路 128 巷 15 號 5 樓／統一編號：24547579。\n\n    憑券可至『和逸飯店・高雄中山館 Cozzi THE Roof』於『平假日下午茶時段單人享用【下午茶套餐】乙客，包含：【三層式套餐，共 9 種點心／現煮咖啡＆精選茶品（9 選 1）】；點心內容依季節調整。\n\n    本券適用於 2023.06.30 前之平假日午餐或晚餐時段，聖誕節(2022/12/24-25)、跨年(2022/12/31)等特殊節日及逾優惠期限，恕無法提供優惠方案內容，將依本券票券面額抵用並另補差額，且僅限使用於和逸飯店・高雄中山館，恕無法使用於其他和逸飯店館別。\n\n    本券所提供之餐點限內用，恕不提供外帶服務，使用前請事先預約訂席，並告知本券之編號。\n\n    本券不適用於旅行社之訂席及轉售，並不得與其它優惠合併使用，相關優惠定義及未盡之使用內容及注意事項依飯店公告為主（www.hotelcozzi.com）。\n\n    本券兌換前敬請事先訂位，如有任何疑問，請洽 Cozzi THE Roof 高雄中山館 (07)975-6677。 ', '', 4, '南區', '高雄市', '美食', '餐廳'),
(30, 'firm004', '高雄｜寒軒國際大飯店｜年度住房・2023 春節', 2399, '寒軒國際大飯店住宿雙人房住宿券', '－ 專案說明 －\n◆ 2023 春節｜多元房型\n   入住日期：2023/1/20 - 1/28\n    內容：\n    - 提供雙人房、三人房、人房、四人房，住宿一晚\n    - 早餐（依購買房型提供）\n◆ 雙人房（不指定房型）｜假日不加價\n    入住日期：即日起至 2023/6/30\n    內容：\n    - 提供雙人房（不指定房型）住宿一晚\n    - 早餐 2 客\n    - 平日限量升等家庭房（2023 年不適用）\n－ 住宿說明 －\n    飯店名稱：寒軒國際大飯店\n    飯店地址：高雄市苓雅區四維三路 33 號\n    官方網站\n    入住時間：16:00 以後      \n    退房時間：11:00 以前', '高雄寒軒國際大飯店 ', '高雄市苓雅區四維三路33號 ', '2022-11-01', '2022-11-01', '2023-02-28', 99, 999, '   飯店不接受 20 歲以下客人在無監護人陪同的情況下入住。\n\n    飯店不可攜帶寵物入住，敬請知悉。\n\n    防疫期間，為配合政府措施及保障所有賓客身體，請配合體溫測量及手部消毒。\n\n    請務必詳閱並遵守飯店之入住規範，為維護全體賓客權益，飯店保有權利拒絕接受預訂及旅客入住，敬請知悉。\n\n    如有特殊需求，將視入住時可提供的服務而定，並可能產生額外的費用。\n\n    額外收費項目請一律以實際報價為主，並請於現場將費用支付予飯店。\n\n    房內陳設及格局請以實際入住之安排為主，恕無法指定，敬請見諒。 ', '', 5, '南區', '高雄市', '住宿', '飯店'),
(31, 'firm005', '台南 | 頑皮世界野生動物園門票 | 獨家長頸鹿手繪門票 ', 450, ' 頑皮世界野生動物園門票券', '＊本園區將配合政府進行防疫級數管制措施辦法，每日定期消毒清潔。入園請配合戴口罩、量體溫、勤洗手及保持安全距離1.5公尺，並且務必填寫實聯制登記，如有任何臨時異動訊息將公告於頑皮世界官網與粉絲團。\n＊因應疫情措施，各項服務設施異動說明：\n1. 全日暫停營業：互動科技探索館\n2. 平日暫停營業：戴高樂賣店\n3. 中餐廳及風情屋提供室內及外帶用餐服務，用餐期間請遵守相關防疫規範。\nー 頑皮世界園區介紹 ー\n＊更多頑皮世界介紹請見KKday旅遊攻略：頑皮世界野生動物園\n    環境教育中心\n    歷時半年的規劃與興建，「環境教育中心」於2020年12月24日正式開幕。包含動物醫院、動物廚房及互動探索館展區。動物醫院擁有專業醫療團隊及設備，不定時開放動物健檢櫥窗活動，由獸醫為大家介紹動物的特性及實施檢康檢查。 動物廚房專門為動物調配專屬膳食，為動物的健康把關。 互動探索館運用數位科技互動方式，引發並推廣群眾關懷生態保育。\n    戶外展區：\n    長頸鹿、南美水豚、藪貓、科摩多龍、斑馬、羚羊、紅鶴、金剛鸚鵡、黑腳企鵝、大巨嘴鳥..等超多動物的展區。\n    兩棲爬蟲館：\n    頑皮世界為東南亞最大的兩棲爬蟲博物館，有來自全世界各國珍貴稀奇的兩百多種兩棲爬蟲類，包含：緬甸蟒、玉米蛇、河口鱷、食人魚…等。\n    浣熊館：\n    除了調皮的浣熊外，還有夜行動物「熊狸」…等\n    世界老鼠館：\n    內有由南美智利北部安地斯山脈所引進的「龍貓」，還有小朋友最愛的赤腹松鼠都在這～\n    鳳凰館：\n    能親眼目睹難得一見的青鸞，也就是傳說中的鳳凰，還有雙角犀鳥及各種鳥類，喜歡賞鳥的旅客千萬別錯過！\n    有毒植物知識館：\n    超過30種不同的有毒植物，一次認識有毒植物的基礎知識～\nー 頑皮世界Q&A ー\nQ1 園區內可以餵食動物嗎？\nA1：可以，在遊客服務中心有販售園區內動物可食用的牧草及蔬菜等。為了避免動物們生病、受傷，除了園內販售的食物外，自行攜帶的食物是禁止拿來餵食的！\nQ2：正在安排出遊行程，頑皮世界建議玩多久呢？\nA2：頑皮世界步行繞完全部園區約需1～2小時。若是遇到喜歡的動物而停留，或者參加互動體驗，建議可安排至少半天的時間。\nQ3：園區內是否有餐飲服務？\nA3：頑皮世界的中餐廳 及 鹿鳴藝術中心提供各式經濟套餐（如：虱目魚排飯、觀音素食飯...等）＆即食餐點（肉粽、水餃、熱狗、爆米花...等），方便旅客用餐。', '頑皮世界野生動物園 ', '台南市學甲區三慶里6 鄰頂州75-25號 ', '2022-11-01', '2022-11-01', '2023-02-28', 99, 999, '    表演會隨季節天氣影響有所變動，遇不可抗力等情況，表演節目有暫停，變更或取消之可能，一切以園區現場公告為主，敬請見諒。\n\n    遊樂設施由於天後狀況或維修保養無法運作，將於大門口前告示遊客，敬請見諒。\n\n    馬車、迷你馬騎乘及遊樂設施由於天氣、天災或停電以及其他緣故而臨時取消，恕不另行通知。\n\n    本憑證不得與其他優惠合併使用，且恕無法兌換現金。\n\n    憑憑證至售票亭兌換KKday專屬活動券，其票券須於當日入園，逾期失效。\n\n    未核銷兌換前可免費取消。 ', '搭乘高鐵 1. 轉乘計程車約30-40分鐘可抵達，或轉乘接駁車 2. 轉乘大台南公車（橘9）於學甲區公所下車，品嚐學甲在地美食後， 於「學甲（民權路）」轉乘大台南公車（棕11），至「頑皮世界」公車站下車。車程約20～30分鐘。（單程票價約26元） 搭乘台鐵/和欣客運＆統聯客運 1.新營站下車，轉乘計程車抵達（約20-30分鐘）。 2.新營站下車，轉乘大台南公車（棕1）往雙春北門方向，在頑皮世界站下車（約30-40分鐘）。 自行駕車 1. 南下： 走國道一號在新營交流道下。走市道172往鹽水方向行駛，接台19線往學甲（約15-20分鐘）可抵達。 2. 北上： 走國道一號在新營交流道轉84快速道路往北門方向行駛至學甲下，走台19線（約10分鐘）可抵達。', 3, '南區', '臺南縣', '活動', '室外活動'),
(32, 'firm005', '台南｜安平定情碼頭德陽艦園區｜門票 ', 70, '安平定情碼頭德陽艦園區票券 ', 'ㄧ景點資訊ㄧ\n  景點名稱：安平定情碼頭德陽艦園區\n    景點地址：台南市安平區安億路115號\n    營業時間：每日上午9:00~下午7:00 (11月~翌年3月營業時間至18:00)\nㄧ方案介紹ㄧ\n    一般門票\n    全票：適用「一般民眾」\n    優待票：適用條件為下列四種（請於入園時出示相關證件）\n    （1）6歲（含）以上孩童、學生、軍警個人憑證\n    （2）滿65歲以上民眾憑證\n    （3）設籍於台南市之民眾憑證\n    （4）團體20人以上\n    【KKday獨家：汪來汪趣雙人套票】\n    套票內容：全票 2 張＋109元飲料 2 杯＋汪來汪趣台南限定款杯墊 1 個（款式隨機贈送）\n    限時販售：即日起至2022年8月31日止\n    套票價格：399元/組（原價608元）\n    【旋轉木馬套票】\n    套票內容：全票 1 張＋旋轉木馬 1 次券\n    限時販售：2022年7月30日至2022年9月30日止，限假日、連續假日、國定假日使用\n    套票價格：100元/組（原價140元）\nㄧ免費入園資格說明ㄧ\n    適用條件：\n    領有身心障礙證明卡本人（陪同者需購買優待票）\n    未滿六歲之兒童憑證', '安平定情碼頭德陽艦園區 ', '台南市安平區安億路115號 ', '2022-11-01', '2022-11-01', '2023-02-28', 99, 999, ' 憑證使用方式\n\n    現場請出示 QR code ', '', 3, '南區', '臺南縣', '景點', '景點'),
(33, 'firm005', '台南十鼓仁糖文創園區｜遊園票', 250, '台南十鼓仁糖文創園區票券 ', '－園區營業時間調整公告 －\n自 6/24(五)起\n平日：10:00-20:20  假日：09:30-20:20\n星光：17:30-20:20\n－ 防疫相關措施公告 －\n    入園需全程配戴口罩、採實聯制登記\n    請配合體溫量測及手部酒精消毒\n    請維持社交距離 1.5 公尺\n－ 景點介紹 －\n    台南十鼓仁糖文創園區\n    十鼓仁糖文創園區佔地約5公頃 ，共有16座日治時代所建築之舊倉庫，2005年由十鼓接手重新規劃，以活化閒置空間的概念，在精心規劃下，將閒置多年已有近百年歷史的仁德車路墘糖廠賦予新的風貌，讓糖廠風華重現，並融入十鼓獨創的台灣特色鼓樂，是亞洲第一座鼓樂主題的國際藝術村；園區內多設置多項遊樂設施，像是五層樓高的極限滑梯、能眺望奇美博物館的天空步道又或是約7層樓高的自由落體，因此也被稱為「大人的遊樂園」。\n    園區內分成四大主題：鼓樂饗宴、文創空間、極限體驗、特色餐飲，除可欣賞世界級的鼓樂表演，也有各種遊樂設施與美食可以享樂，適合全家大小、三五好友一起玩樂。\n    2021 年新開幕熱門打卡景點「魔法工廠」\n    不能出國就來臺南體驗魔法世界吧！十鼓文創打造原汁原味的工業風魔法工廠正式開幕，「上帝的畫作」、「飛天魔法書」、「魔法陣」、「手工製作魔法書牆」等空間吸引大批魔法迷，再創 2021 年 IG 打卡新風潮，改造百年製糖工廠糖箱區，結合大自然與無限想像空間，打開潘朵拉的魔法盒十鼓文創化身魔法精靈穿梭在舊糖廠，巧施魔法將魔法的世界帶進糖工廠，邀請 metal 音樂魔法師～手合鐵鼓樂團團員代言以玄鳥之域搖滾樂曲，將工業風、metal搖滾、魔法的氛圍做一個大結合，呈現全然不同的魔法空間與風貌。\n    園內可使用設施： 兒童體驗館、煙囪滑梯、天堂上的鞦韆、飛天宅急便、蜘蛛人、糖晶落體、極限大擺盪、攀岩、雷射槍、撐篙划船。\n    - 假日增開：VR體驗、射箭。', '十鼓仁糖文創園區 ', '台南市仁德區文華路二段326號', '2022-11-01', '2022-11-01', '2023-02-28', 99, 999, '   園區內可攜帶寵物入園，但不開放寵物進入劇場及餐飲區，以免影響其他遊客。\n\n    門票僅限單次入園，可使用至夜間星光時段，若出園區，須重新購買票券。\n\n    同一筆訂單須同時兌換並同時入園。 ', '- 自行開車：\n　①國道 1 號（或 3 號），轉 86 號（往西 / 台南方向），於 5K 台南交流道下，靠右往台一線（台南市方向），第一個紅綠燈右轉直走陸橋下便道，越過鐵軌，即可抵達\n　②省道 1 號，走省道 1 號轉文華路（或轉文賢路接文華路），越過鐵軌，即可抵達\n\n- 大眾運輸：搭乘高鐵轉乘火車至台鐵保安站\n　①步行文賢路轉文華路，越過鐵軌，即可抵達\n　②至保安公車轉運站，搭乘紅３公車（往台南公園方向），於十鼓文化村站下車', 4, '南區', '臺南縣', '活動', '室外活動'),
(34, 'firm005', '台中大毅老爺行旅住宿｜旅人背包城市遊程', 1280, '台中大毅老爺行旅住宿券', '－ 專案說明 －\n◆ KKday 獨家｜台中大毅老爺行旅住宿＋2 條旅人背包城市遊程獨特風格行程\n   入住日期：9/1 - 12/15\n  內容\n    - 提供旅人/風格/星光/星空/星城客房雙人房\n    - 含翌日早餐，依房型人數提供\n    - 每房可體驗任一條風格遊程、獨家設計款多功能背包 1 個、訂製悠遊卡 2 張、旅人手札&地圖 2 份、線索靈感盒 2 份、數位優惠/體驗券\n    - 提供以下 2 條路線任選\n    Vol.1 隱現 – 美感巷弄\n    Vol.2 奔流 – 生活質地\n    行程備註：數位優惠/體驗券因路線不同而提供不同的體驗券\nー 行程說明 ー\n    出發時間：購買後至台中大毅老爺行旅櫃檯出示憑證，取得背包即可出發\n    行程長度：3.5 - 5 小時(可依個人喜好安排)\n    備註：\n    - 購買後於台中大毅老爺行旅櫃檯加入飯店官方 LINE 帳號並領取數位優惠/體驗券，即可開始遊程\n    - 至指定店家完成探訪，即可集點，集滿 6 點起，可解鎖台中大毅老爺行旅住宿抵用金 200 元起\n    - 專案內風格店家為小本經營，可能因為地區性施工、整修、人力不足等因素暫停營業，營業時間如有調整，將會公告於店家粉絲專頁，造成不便敬請見諒，專案體驗券及優惠券期限為90天，歡迎旅人在期限內再次到訪體驗，逾期無效\n    - 請於兌換後 90 天內體驗完畢\n    遊程介紹\n【城市遊程 Vol.1：隱現 – 美感巷弄】\n1. 遊程包含：限定藝文展演觀賞、氣味體驗與專屬精油製作、留白茶想體驗、旅行果乾任務，可於線索靈感盒及旅人手札&地圖內前往相關店家\n2. 行程彈性自由，可依個人喜好安排，總體驗時間約 3.5 - 4.5 小時\n3. 店家數位體驗/優惠券期限為90天，如當次未使用完畢，可於期限內再次到訪店家使用，逾期無效\n4. 相關店家指引：留白計畫、DOUZI美術館站、草也、璞草園、小路映画、果食男子、薑薑小姐花藝工作室\n【城市遊程 Vol.2：奔流 - 生活質地】\n1. 遊程包含：紙膠帶拼貼體驗、專屬徽章製作體驗、永生花吊飾製作體驗、限定藝文展演觀賞，可於線索靈感盒及旅人手札&地圖內前往相關店家\n2. 行程彈性自由，可依個人喜好安排，總體驗時間約 4 - 5 小時\n3. 店家數位體驗/優惠券期限為90天，如當次未使用完畢，可於期限內再次到訪店家使用，逾期無效\n4. 相關店家指引：林果良品、中興工廠、綠光+marüte、Mini Amer.美式風格店、Coffee Stopover、核果烘焙工作室、TAKU牛丼專賣店、自己印紙膠帶模範店、兆兆茶苑、Mac Mac、LFP香料香水實驗室', '台中大毅老爺行旅 ', '台中市中西區英才路 601 號', '2022-11-01', '2022-11-01', '2023-02-28', 99, 999, ' 防疫期間，為配合政府措施及保障所有賓客身體，請配合體溫測量及手部消毒。\n\n    專案內風格店家為小本經營，可能因為地區性施工、整修、人力不足等因素暫停營業，營業時間如有調整，將會公告於店家粉絲專頁，造成不便敬請見諒，專案體驗券及優惠券期限為90天，歡迎旅人在期限內再次到訪體驗，請於兌換後 90 天內體驗完畢，逾期無效。\n\n    請務必詳閱並遵守飯店之入住規範，為維護全體賓客權益，飯店保有權利拒絕接受預訂及旅客入住，敬請知悉。\n\n    如有特殊需求，將視入住時可提供的服務而定，並可能產生額外的費用。\n\n    飯店額外收費項目請一律以實際報價為主，並請於現場將費用支付予飯店。\n\n    房內陳設及格局請以實際入住之安排為主，恕無法指定，敬請見諒。\n\n    全館禁菸、禁止攜帶寵物 (導盲犬、導聾犬及肢體輔助犬除外) 入住。\n\n    恕不接受 18 歲以下者單獨消費入住，年滿 18 歲未滿 20 歲者需出示法定代理人同意書。\n\n    出發當天請於集合時間 5 - 10 分鐘前抵達集合地點，逾時不候。\n\n    如欲更改入住日期或房型，請先與客服聯繫向飯店詢問要更改的日期或房型是否可提供，若可提供，請先預訂要更改的日期或房型，再取消原訂單。 ', '', 4, '中區', '臺中市', '住宿', '飯店'),
(35, 'firm005', ' 台中金典酒店餐券｜栢麗廳・鐵板燒・牛排館・金園中餐廳・Lobby Loung｜須自行電話訂位 ', 1099, ' 台中金典酒店餐券', '◆ 請事先撥打飯店 電話／線上 訂位並告知持有此券，訂位成功再購買餐券；結帳時請出示票券\n    飯店名稱：台中金典酒店\n    飯店地址：台中市健行路 1049 號\n    餐廳：\n    栢麗廳\n    - 訂位電話： (04) 2324 - 6111／線上訂位\n    - 營業時間： 午餐 11:30 - 14:00，下午茶 14:30 - 16:30，晚餐 18:00 - 21:00\n    金典鐵板燒\n    - 訂位電話： (04) 2328 - 8000 轉鐵板燒／線上訂位\n    - 營業時間： 午餐 11:30 - 14:30，晚餐 18:00 - 21:00（最後點餐時間 14:00、20:30）\n    牛排館\n    - 訂位電話： (04) 2328 - 8000 轉牛排館／線上訂位\n    - 營業時間： 午餐 11:30 - 14:00，晚餐 17:30 - 21:30（最後點餐時間 14:00、21:00）\n    金園中餐廳\n    - 訂位電話： (04) 2328 - 8000 轉金園中餐廳／線上訂位\n    - 營業時間： 午餐 11:30 - 14:00，晚餐 17:30 - 21:00\n    Lobby Loung\n    - 訂位電話： (04) 2328 - 8000 轉 Lobby Loung\n    - 營業時間： 週一至週四 14:30 - 16:30', '台中金典酒店', '台中市健行路1049號 ', '2022-11-01', '2022-11-01', '2023-02-28', 99, 999, '  票券無使用期限，但優惠效期為購買日起 8 個月，逾優惠效期後以本券票面金額與現場定價（含服務費）補足差額方可使用\n\n    使用票券前須事先致電台中金典酒店｜栢麗廳 (04) 2322 - 9000、金典鐵板燒 (04) 2328 - 8000 分機 6516、牛排館 (04) 2322 - 9000 轉 6504、金園中餐廳 (04) 2324 - 6114、Lobby Loung (04) 2322 - 9000 訂位，使用憑證上的合作店家確認號，就能於現場核銷使用，訂購幾組就會在憑證上獲得幾組核銷確認碼。\n\n    如遇特殊節日，需依票面金額補足與現場定價差價（含服務費）後方可使用，特殊節日定義為：除夕夜、農曆春節期間、母親節（當週六日）、中西情人節及其前夕、12/24、12/25、12/31、1/1 及飯店公告之特定活動日期（各節日定義依人事行政局公佈之日期為準）\n\n    加價部份請於飯店（餐廳）現場付清。\n\n    票券為折扣後之優惠價使用，恕不得與其他優惠活動合併使用。\n\n    退貨之禮券需依票面金額收取 3% 手續費。 ', '', 4, '中區', '臺中市', '美食', '餐廳'),
(36, 'firm005', '台中大坑紙箱王創意園區｜入園門票 ', 200, '台中大坑紙箱王創意園區票券 ', '－營業資訊 －\n    園區名稱：大坑紙箱王創意園區\n    營業時間：09:00 - 19:00\n    - 票亭營業時間：09:00 - 18:00\n    - 園區場館營業時間：平日10:00-19:00、假日09:00-19:00\n    地址：台中市北屯區東山路二段二巷2號\n    電話：04 2239 8868\nー 交通方式 ー\n    搭乘公車\n    1. 台中車站轉運 : 可搭乘台中客運15號 / 統聯客運1號 / 中鹿客運21號，到大坑圓環站下車即可到達紙箱王入口處\n    2. 太原車站轉運 : 可搭乘四方巴士68號到大坑圓環站下車即可到達紙箱王入口處\n    自行開車\n    1. 國道一號 - 中清系統交流道 - 中清路 - 左轉環中路上74號快速道路（松竹匝道）- 左轉松竹路-左轉東山路 - 大坑圓環前100公尺處即可到達\n    2. 國道三號（霧峰系統出口）- 台74號快速道路下（東山路匝道）- 環中東路直行 - 右轉東山路 - 大坑圓環前100公尺處即可到達\nー 方案介紹 ー\n    【台中紙箱王創意園區｜入園門票（含遊園小火車體驗券）】\n    1. 紙箱王創意園區入園門票\n    2. 本方案提供：「遊園小火車體驗券乙張」、「NT$100園區消費折抵券」\n    台中紙箱王創意園區｜入園門票＆遊園小火車＆主題精緻套餐 （價值 700 元）\n    1. 紙箱王創意園區入園門票\n    2. 本方案提供：「遊園小火車體驗券乙張」、「NT$100 園區消費折抵券＋集章禮物」、「 主題精緻套餐（ NT398 元以下套餐任選）」\nー 紙箱王創意園區介紹 －\n    主題園區\n    用紙打造可以風吹雨淋的超大全球著名建築物，出國不一定要搭飛機，來到紙箱王就可以環遊世界，紙箱王夜晚打亮的世界建築讓你驚嘆世界之美。\n    呆呆鐵路 - 紙箱環遊列車\n    紙箱王熱門親子設施-紙箱小火車，搭乘仿真紙火車帶著你環遊世界，探索新奇的紙的王國，飽覽所有秘密景點，穿越箱菇小鎮、彷彿漫步雲端的么么步道，還有經過祈福站看天燈高掛空中，最後來到夢幻森林國度，經歷一場奇幻的火車之旅 。\n    鋼筋藝術打造童話世界\n    紙箱王結合國內金屬工藝大師劉丁讚先生共同設計打造紙箱王裡鋼筋藝術的童話世界：箱菇小鎮的「超級瑪麗」紅點香菇、可漫步空中的么么天空步道、兩層樓高的鋼筋溜滑梯等，讓旅客在紙箱王園區探索無限樂趣。\n    紙箱故事館\n    逛完一圈紙箱故事館，你會發現這裡沒有紙辦不到的生活創意，你能發揮你的創意，這裡有多項特色DIY可以自己動手做，從動物、IQ Ball到紙做的文具、包包等，讓你發現紙藝文創的天馬行空。\n    呆呆機場 - 地標博物館\n    在紙箱王體驗出國的樂趣，有行李輸送帶到飛機登機口，還有特色伴手禮讓你回味，觀看飛機準備起飛，體驗翱翔天際後還有世界地標博物館可以觀賞，讓旅人們可以輕鬆俯瞰全世界，帶給你滿滿的偽出國之旅。\n    光陰故事館\n    這裡有販售園區自製的精美相框，還有提供現場沖洗照片的服務，讓你重回沖洗照片時代的溫度，照片跟回憶不該只留在手機裡，在紙箱王留下美好的回憶後，沖洗照片後帶回家留給你簡單又美好感動。\n    祈福站\n    紙箱王充滿祝福的祈福站，這裡有許多天燈高掛在空中，搭上小火車從幸福搭到平安，祈求大家幸福又平安，這裡還有許願區，可以把你的祈願卡掛在祈福小屋，祈求夢想都實現。\n    紙箱王創意主題餐廳\n    曾被舉為世界十大奇特餐廳之一，由紙打造的紙椅紙桌，以及現在用特殊紙材做成的紙火鍋，紙箱王主題餐廳將紙的屬性發揮到淋漓盡致。\n    森林酒吧\n    熱帶風情為設計主題的酒吧，在秋天夜裡微風吹彿下成了許多人欣賞紙箱王之美的最佳場所，大自然的天籟也此起彼落譜出最美的樂章。\n    無糖部落\n    紙箱故事館的2樓，這個區塊販售的商品以食品及多樣化的餅乾點心為主，但這裡的點心有別於一般市售多以砂糖製成，這裡的零食採用無糖或黑糖製造，就是不用加工精緻糖，外包裝用再生紙製成，吃的健康用得安心。\n    蜜蜂故事館\n    這裡有健康的蜂蜜產品，在紙箱王的設計包裝下，蜜蜂故事館裡充滿各種以瓦楞紙建構而成的蜂巢型展架，在紙藝文化與傳統農產業的結合下，也別有一種味道。', '大坑紙箱王創意園區', '台中市北屯區廊 子 路 六五一巷2號', '2022-11-01', '2022-11-01', '2023-02-28', 99, 999, '避免餐廳人潮眾多，建議先行電話預約餐廳座位：04-22398868 #26 ', 'ー 交通方式 ー\n    搭乘公車\n    1. 台中車站轉運 : 可搭乘台中客運15號 / 統聯客運1號 / 中鹿客運21號，到大坑圓環站下車即可到達紙箱王入口處\n    2. 太原車站轉運 : 可搭乘四方巴士68號到大坑圓環站下車即可到達紙箱王入口處\n\n    自行開車\n    1. 國道一號 - 中清系統交流道 - 中清路 - 左轉環中路上74號快速道路（松竹匝道）- 左轉松竹路-左轉東山路 - 大坑圓環前100公尺處即可到達\n    2. 國道三號（霧峰系統出口）- 台74號快速道路下（東山路匝道）- 環中東路直行 - 右轉東山路 - 大坑圓環前100公尺處即可到達', 4, '中區', '臺中市', '活動', '室外活動'),
(37, 'firm005', '台北 | 六福萬怡敘日全日餐廳餐券', 1250, '台北六福萬怡酒店敘日餐廳自助式午或晚餐券', '◆ 請事先撥打飯店 電話／線上 訂位並告知持有此券，訂位成功再購買餐券；結帳時請出示票券\n飯店名稱：台北六福萬怡酒店｜敘日全日餐廳\n飯店地址：台北市南港區忠孝東路七段 359 號 7 樓\n飯店電話：(02) 6615 - 6526\n用餐時間：\n- 午餐 11 : 30 - 14 : 00\n- 下午茶 14 : 30 - 16 : 30\n- 晚餐 17 : 30 - 21: 00', '台北六福萬怡酒店｜敘日全日餐廳', '台北市南港區忠孝東路七段359號7樓', '2022-11-01', '2022-11-01', '2023-02-28', 99, 999, '票券無使用期限，但優惠效期為購買日起 6 個月，逾優惠效期後以本券票面金額與現場定價（含服務費）補足差額，方可使用。\n\n使用票券前須事先致電台北六福萬怡酒店｜敘日全日餐廳 (02) 6615 - 6526 訂位，使用憑證上的合作店家確認號，就能於現場核銷使用，訂購幾組就會在憑證上獲得幾組核銷確認碼。\n\n如遇特殊節日，需依票面金額補足與現場定價差價（含服務費）後方可使用，特殊節日定義為：除夕夜、母親節、聖誕夜、聖誕節及飯店公告之特定活動日期（各節日定義依人事行政局公佈之日期為準）。\n\n票券為折扣後之優惠價使用，恕不得與其他優惠活動合併使用。\n\n退貨之禮券需依票面金額收取 3% 手續費。', '【捷運】搭乘板南線至南港站下車，由台鐵南出口（南港路）即抵達飯店\n【火車】南港站下車，由台鐵南出口（南港路）即抵達飯店', 4, '北區', '臺北市', '美食', '餐廳'),
(38, 'firm005', '台北凱撒大飯店｜住宿不含早餐', 2900, '精緻客房一大床｜不含早餐｜提供王朝港點套餐｜入住日晚餐使用', '－ 專案說明 －\n\n【專案一：住宿不含早餐｜提供王朝港點套餐】\n\n銷售期間：即日起 - 2022.12.30\n可入住日：2022.11.01 - 2023.02.28\n\n專案內容：\n- 不含早餐\n- 每房依房型標準入住人數贈送王朝港點套餐 (午/晚餐餐期皆適用、須於入住期間使用完畢)\n- 王朝港點套餐內容：前菜、精選港點 8 款、主食、湯品、時蔬與水果\n備註：\n- 套餐須於入住期間使用完畢，預設使用於入住日晚餐。若要調整餐期，最晚請於入住前一日前告知，可選擇使用入住期間午餐\n- 加購早餐每客 NT$300+10% 服務費，若有需要，請於訂單備註，現場支付\n\n－ 房型資訊 －\n【精緻客房】\n溫馨舒適的精緻房型，兼具商務或精緻休閒之機能，滿足不同賓客的住房需求。房內設有保險箱、迷你吧台與冰箱，並提供免費上網以及寬敞辦公桌。當代雅緻的簡潔明亮與沉穩靜謐的自然色系相互呼應，流暢的動線與舒適的空間設計，讓賓客體驗舒適溫馨的客房設施\n\n入住人數：2 人\n房間坪數：10 坪\n房間床型：一張加大雙人床 (180 ㎝*200 ㎝)或二張單人床 (110 ㎝*200 ㎝)', '台北凱撒大飯店 Caesar Park Taipei', '台北中正區忠孝西路一段38號', '2022-11-01', '2022-11-01', '2023-02-28', 99, 999, '王朝餐廳需預約用餐，預設用餐時段為入住日晚餐 17:30-21:30，請於訂單備註用餐時間，若要調整用餐時段，請務必於入住前一日提前告知更改的用餐時間。\n\n防疫期間，為配合政府措施及保障所有賓客身體，請配合體溫測量及手部消毒。\n\n請務必詳閱並遵守飯店之入住規範，為維護全體賓客權益，飯店保有權利拒絕接受預訂及旅客入住，敬請知悉。\n\n如有特殊需求，將視入住時可提供的服務而定，並可能產生額外的費用。\n\n額外收費項目請一律以實際報價為主，並請於現場將費用支付予飯店。\n\n房內陳設及格局請以實際入住之安排為主，恕無法指定，敬請見諒。\n\n提前入住或延後退房需另收取相關費用，並以飯店回覆為主。\n\n本飯店禁止攜帶寵物入住，導盲犬則不在此範圍內。\n\n飯店客房窗戶及陽台基於安全考量，恕無法開啟或使用。\n\n本飯店依據菸害防治法全館禁菸，若有相關行為，飯店有權收取新台幣 2,000 元至 10,000 元不等之清潔費用。\n\n本專案限持中華民國發行之有效身分證、護照或有效居留証 (非入台證)旅客入住，不符前列身分說明之旅客，需依飯店現場房價補足差額。\n\n台北凱撒大飯店保留專案活動解釋、修改及變更之權利。', '', 4, '北區', '臺北市', '住宿', '飯店'),
(39, 'firm005', '國立故宮博物院門票', 150, '國立故宮博物院門票成人票', '－ 公告事項 －\n\n因應武漢肺炎（COVID-19）疫情，國立故宮博物院為強化各項防疫及整備作業，宣布調整開放時間：北部院區開放時間為每週二至週日 09:00-17:00，每週一休館，取消每日及週末延長開館時間，同時暫停張大千紀念館對外開放；圖書文獻館則於每週日及國定假日休館。\n\n因應中央流行疫情指揮中心宣布疫情警戒降級，國立故宮博物院（南北院）依相關指引，於27日起採取以下防疫措施，後續並視疫情發展滾動式調整。\n\n 一、實施總量管制及單一出入口措施：依指揮中心室內空間每人至少2.25平方米的活動空間計算容留人數，故宮南北院全時段進行總量管制。若現場超過容留人數上限，請民眾在服務人員引導下稍候入場。展館皆實施單一出入口，引導觀眾動線分流。\n\n 二、各項 #推廣活動採預約制：室內與戶外集會型教推活動，包括研討會、演講、表演活動等，以室內50人、室外100人的名額為限，全面實施預約制，請民眾先到官網報名系統預約報名參加。\n\n三、暫停接觸式裝置及關閉部分空間及服務：故宮北院兒藝中心、第二展覽區（故宮魔幻山水歷險特展）、#南院兒創中心維持關閉，並暫停團體、專人導覽及語音導覽機租用，另飲水機、充電站，及所有穿戴式、互動式、觸控式展示裝置仍暫停使用。\n\n四、陳列室外 #公共空間開放飲用自備水：為維護文物安全，陳列室內不開放飲水。民眾在陳列室外飲水區或座椅區，可暫時脫下口罩飲用自備瓶裝水。請民眾注意在與其他人保持社交距離時再脫下口罩飲水，以保護自己與他人安全。\n\n五、持續加強環境消毒：維持高頻率環境清潔消毒，展場每2小時清潔消毒1次，並針對展場、公共空間及扶手、電梯按鈕、門把、廁所等經常觸摸處持續加強消毒。 故宮表示，疫情警戒二級期間，南北院仍維持 #實聯制、 #人數總量管制、單一出入參觀動線、體溫量測、環境消毒等防疫措施，提醒民眾除了飲水外，參觀時皆需佩戴口罩，並全程保持室內1.5公尺、戶外1公尺的社交距離。\n\n\n\n\n－ 國立故宮博物院 －\n\n國立故宮博物院院內大致可分為青銅器、書畫、陶瓷器、圖書典籍、工藝品和宮廷類文物等。青銅器著名的有毛公鼎、散式盤、宗周鐘；書畫三大名作有郭熙《早春圖》、范寬《溪山行旅圖》、蘇軾《寒食帖》；圖書典籍著名有文淵閣《四庫全書》、摛藻堂《四庫全書薈要》等。工藝品是故宮最大特色，包括必看的明星展品翠玉白菜、肉形石，共有約上萬件玉器，還有漆器、玻璃、金銀器和筆墨紙硯等。\n\n初次到訪，以上述人氣展品為主，若時間充裕，可再加入清珊瑚魁星點斗盆景、唐灰陶加彩仕女俑、北宋汝窯青瓷蓮花式溫碗、清乾隆霽青描金游魚轉心瓶、戰國中期嵌孔雀石綠松石犧尊、東漢玉辟邪、宋至元黃玉鴨等。館內展品會定期更換，並且依主題推出特展，滿足旅客對於數千年中華文化的探索需求。', '台北故宮博物院', '台北市士林區至善路二段221號', '2022-11-01', '2022-11-01', '2023-02-28', 99, 999, '營業時間有可能會變動，建議出發前至官網確認營業時間：https://www.npm.gov.tw/', '', 5, '北區', '臺北市', '景點', '博物館&美術館');
INSERT INTO `item` (`itemId`, `firmId`, `itemTitle`, `itemPrice`, `itemName`, `itemInfo`, `itemAddr`, `itemLocation`, `itemListedDate`, `itemStartDate`, `itemEndDate`, `itemSales`, `itemInvent`, `itemNote`, `itemTraffic`, `itemTotalStar`, `itemFilter1`, `itemFilter2`, `itemFilter3`, `itemFilter4`) VALUES
(40, 'firm005', '台灣租車｜直航租車 Chih-Hang Car Rental', 1200, '台灣本島租車', '－ 訂購方式 －\n\n本島租賃：\n車輛租金以「24HR」計算，若承租一日以上，請自行計算D+1日是否逾時6H以上，若超過則直接下訂D日取D+1日還，共兩天。反之若無逾時超過6小時，請下訂D日，共一天，並留下逾時還車時間，現場交付逾時費用。\n如欲於10/1 中午12點取車，10/2 中午12點還車，則收費為一日24HR，下訂日期請選擇10/1至10/1共一天。\n如欲於10/1 中午12點取車，10/2 下午6點還車，則收費為二日48HR，下訂日期請選擇10/1至10/2共兩天。（超過6小時即為，多一天費用，現場不需補價）\n台灣本島最晚的還車時間在20:00\n\n澎湖租賃：\n車輛租金以「24HR」計算，若承租一日以上，請自行計算D+1日是否逾時6H以上，若超過則直接下訂D日取D+1日還，共兩天。反之若無逾時超過6小時，請下訂D日，共一天，並留下逾時還車時間，現場交付逾時費用。 \n如欲於10/1 中午12點取車，10/2 中午12點還車，則收費為一日24HR，下訂日期請選擇10/1至10/1共一天。 \n如欲於10/1 中午12點取車，10/2 下午6點還車，則收費為二日48HR，下訂日期請選擇10/1至10/2共兩天。（超過6小時即為，多一天費用，現場不需補價）\n離島澎湖最晚的還車時間在19:00\n租借機車現場需機車駕照\n\n－ 服務介紹 －\n店家位置：請見下方，營業據點資訊 取車時間：08:30 - 20:30（各站點營業時間不同，請見下方營業據點資訊）\n必備證件：\n中華民國籍旅客：\n承租人需年滿 20 歲，一律使用信用卡付款 (有效期限六個月以上)，恕不接受 簽帳金融卡 / 借記卡，取車時須出示信用卡 (Visa / MasterCard / JCB / 美國運通卡)進行預先授權之用、台灣旅客需身分證件、本國籍駕照\n\n外國籍旅客：\n需護照正本、國際駕照或在台開車許可證、原國籍駕照、信用卡（效期須大於 6 個月以上），如現場無法出示，恕無法提供車輛租借服務，概不退款（簽帳金融卡及銀聯卡不適用）。 \n\n保險細節： 強制汽車責任險、第三人責任險、乘客責任保險（超載部分除外）、汽車竊盜損失險(自負10%)。 直航租車台灣本島所有租賃方案皆內含基本A式保險，也可至門市加價升級保險項目；若以小時計價租金的專案及機車除外， 則不含保險；保險日租升級以日計算，若租期不足月，最多以十日計算。\n\n租車限制：須年滿 20 歲，駕照核發日期須滿一年以上，直航租車有權拒絕租車且不退款。關於可在台開車之國家駕照，請參考交通部公路總局主要國家駕照互惠情形一覽表，依照台灣法規，持有澳洲昆士蘭州、泰國、中國、韓國之駕照及國際駕照不適用在台駕駛，詳見上述網址。 若為港澳旅客，取車時請務必攜帶護照、入台證（需蓋有入境證明）及駕照，敬請知悉。\n詳細保障內容請參閱汽車出租單（小客車租賃契約書）\n\n\n\n－ 旅客Q&A －\n\n台灣本島：\n\n方案名稱：經濟型小車（不指定車款）\n同級車款：Toyota Yaris 1.5 / Nissan Livina 1.6\n\nQ:承租與駕駛是否可以不同人？\nA:不行，承租人需與實際駕駛相同，簽署租車合約及取車必須為承租者本人，且當車輛發生意外或承租期間，衍生任何停車費、交通罰鍰及交通違規導致之費用或損失皆由承租人負擔。\n\nQ:車內可吸菸嗎?\nA: 嚴禁，本公司車輛均為無菸車，嚴禁在車內吸菸，如有菸味將酌收清潔費3000元。\n\nQ:車內可以攜帶寵物嗎?\nA: 如需攜帶寵物請利用寵物籃(籠)攜帶，禁止任意放行於車內如內裝汙損3000元。\n\nQ:租車有提供接送的服務嗎？\nA: 本公司目前僅提供以下地點門市接送服務：\n 板橋-捷運站 / 台南-高鐵站 / 高雄-凱旋捷運站 / 岡山客運 / 捷運南岡山站 / 岡山火車站 / 台東-火車站 / 花蓮-火車站\n​※ 門市接送服務請務必於事前預約，且各門市因應人員調度保有預定接送的決定權。 ※ 若需要其它接送車服務。本公司各門市將提供安全的計程車代叫服務。\n\nQ：租車期間有道路救援服務嗎?\nA: 若發生緊急事故，需要道路救援時，請於門市上班時間撥打客服專線0800-089-666或聯繫租車門市(門市一覽)協助後續救援作業；已逾下班時間請撥打0800-050-119或0800-020-345，提供車號進行資訊確認並進行後續救援作業。\n\n 直航租車有緊急道路救援服務內容具有20KM免費拖吊服務，若如下列因素則除外：\n1. 因承租人導致車輛故障無法行駛或特殊拖吊，如油料用罄、輪胎爆胎或高空救援，其道路救援費用由承租人負擔。\n2. 車輛拖吊之目的地為直航(出租人)指定之最近距離保修廠，如承租人另有指定其他地點，則拖吊費用由承租人負擔。\n', '台北承德店', '台北市大同區承德路一段77-1號1樓', '2022-11-01', '2022-11-01', '2023-02-28', 99, 999, '緊急事件處理\n請先撥打110，報警方處理，並於門市上班時間立即通知直航租車（0800-089-666 或 取車門市 - 門市一覽），直航將會有專人即時為您服務，並依實際情形派員至現場或日後依據警方筆錄代客戶處理保險理賠等繁瑣事宜。為確保您的權益，請勿私下和解，否則無法享租賃契約書或保險理賠保障。承租之車輛請小心駕駛，停放，承租車輛如需維修，以該車輛之原廠為唯一修理廠，以維持車輛之安全性。\n額外費用\n里程費用（現場付費）\n\n不分車款，每日限駛里程為 400 公里。汽油車每一公里加收 3 元累計，柴油車每一公里加收 5 元累計、電動車每一公里加收 20 元累計。\n\n還車逾時費用（現場付費）\n\n一日租金為24小時制，若逾時未歸還者以下列標準計算之，因此承租人如欲續租，敬請在約定還車時間前通知本公司(本公司保留是否續租之權利)\nA. 逾時一小時以上，每小時依車輛每日原定價租金 10 分之 1 計算收費，逾時超過半小時以一小時算。\nB. 逾時滿六小時，以一日之租金計算收費。\n\n油資費用（現場付費）\n\n還車時，必須與取車時的油量相同，多出的燃料不另退還，如油量低於取車時，除須補油量之差價外，另須加收服務費新臺幣300 元。油差計算：不足油量格數（換算公升數）X 公告油價。\n\n＊油資按里程計費(汽$4/km 柴$6/km)\n\nE-Tag費用（現場付費）\n\n還車時，門市可立即檢測補交費用。\n\n罰單及停車費（現場付費）\n\n若承租人沒有自行繳清，則我方收到掛號郵件或催繳通知時，會依照合約將責任歸屬轉交給當時的承租人。\n\n清潔費用\n\n若歸還車輛時，有損害或造成車輛污損、異味殘留、動物體毛殘留等，將酌收清潔費用新臺幣3,000元整。其餘車輛內/外部損害，亦得向乙方請求賠償。\n\n異地還車（甲租乙還）收費標準\n\n依照上方圖例收取費用，下單請備註，以利工作人員處理（費用交由現場人員收取）\n\n安全座椅租借費用\n\n每個安全座椅需支付$200，下單請備註，以利工作人員處理（費用交由現場人員收取）', '', 5, '北區', '臺北市', '交通', '租車'),
(41, 'firm005', '新北瑞芳｜水心月茶坊｜台灣茶文化體驗', 620, '單人品茗體驗', '－ 九份茶坊 Jioufen Teahouse －\n九份第一家藝文茶樓的出現，不但引進茶樓文化，更引爆了「 上九份喝茶 」的休憩熱潮！百年老屋九份茶坊，呈現了老屋深厚的生命力，挑高的橫樑結構與天井，引進暖陽，多雨的九份，走進茶坊點一爐炭火，暖暖屋子各個的角落，啜飲一口好茶享受屬於九份的美景與片刻寧靜。\n營業時間：週日至週五 12:00-19:00、週六 12:00-20:00\n店家電話：(02) 2496-9056\n店家地點：台灣新北市瑞芳區基山街142號\n－ 水心月茶坊 Artist Teahouse －\n水心月茶坊一開始的時候，叫做「天空之城」。 站在毫無遮蔽的開闊視野，俯瞰東北角的大小漁港，雲霧繚繞間，像是一座建築在空中的城堡。因為電影而聲名大噪，卻與山城茶坊毫無關聯。茶坊主人決心給這幢美麗的紅磚建築，一個屬於自己的名字「水心月」三個字，成為茶坊的新名字\n營業時間：13:30-20:00\n店家電話：(02) 2496-7767\n店家地點：台灣新北市瑞芳區輕便路308號', '水心月茶坊', '新北市瑞芳區輕便路308號', '2022-11-01', '2022-11-01', '2023-02-28', 99, 999, '建議早上前往，避開下午人潮眾多時間。\n\n避免人潮眾多，建議可先撥打電話詢問 886-2-2496-9056\n\n九份是座山城，以樓梯台階又多又陡聞名。因此建議穿著輕便舒適的鞋子。\n\n九份另一個特色是雨日多，建議攜帶雨具和外套。建議出發前先查看當日九份的氣象喔！\n\n分享會必須限制人數，才能做到最美好的呈現。當然如果正好有缺席，也歡迎現場報名參加。\n\n茶席是重視五感的體驗，建議不要使用香水，有香味的防曬或乳液、化妝品或防蚊液等等，以達到最純粹、不受干擾的體驗。\n\n全程歡迎用力拍照，但請勿錄影錄音。', '', 5, '北區', '新北市', '美食', '甜點飲品'),
(42, 'firm005', '【免費停車】新北三峽｜滿月圓國家森林遊樂區門票', 80, '滿月圓國家森林遊樂區門票成人票', '開放時間：\n非假日：08:00 ~ 17:00 \n假日：07:00 ~17:00\n(園區僅除夕休園一日，園內遊客中心週二公休)\n兌換方式：至滿月圓國家森林遊樂區入口處由工作人員感應QR code後即可入場。半票、免票等優待票種請於現場購票（票種參考）。\n聯絡電話：02-2672-0542 (遊客中心)\n營業地址：臺灣新北市三峽區有木里174-1號\n凡購買森林遊樂區電子門票之消費者，免收取停車費費用\n', '滿月圓國家森林遊樂區', '新北市三峽區有木里174-1號', '2022-11-01', '2022-11-01', '2023-02-28', 99, 999, '為因應防治狂犬病，禁止攜帶寵物(哺乳類)進入園區。\n\n優待票票種請至現場購票，票種介紹請參考台灣山林悠遊網官網資訊：https://www.forest.gov.tw/0000183', '自行開車：\n國道3號→三鶯交流道→縣道110線→三峽→省道台3線→大埔→左岔路往省道台7乙線→湊合→插角→有木里方向→樂樂谷→滿月圓國家森林遊樂區。\n大眾交通：\n由三峽搭台北客運807號公車往滿月園停車場，下車沿蚋仔溪生態步道步行 30 分鐘（台北客運三峽站連絡電話 02-26711914）即可到達。', 5, '北區', '新北市', '景點', '觀光景點'),
(43, 'firm005', '新北｜金漫會館｜金瓜石九份景觀民宿｜臨近茶壺山步道', 4800, '庭園高級雙人房', '－ 飯店介紹 －\n\n飯店名稱：金漫會館\n飯店地址：新北市瑞芳區祈堂路 197 號\n官方網站\n入住時間：15:00 以後\n退房時間：11:00 以前\n\n\n\n－ 客房介紹 －\n\n庭園高級雙人房\n- 一大床，約 9 坪\n- 二小床，約 9 坪\n山景豪華家庭房\n- 一大床＋榻榻米，約 11 坪\n- 二小床＋榻榻米，約 11 坪\n全面採用新型 42 吋液晶電視，體驗影音\n全館免費無線 WIFI\n冰箱\nTOTO 精品衛浴設備，全系列乾濕分離設計\n獨立式冷氣空調系統，溫度控制隨心所欲，高品質居家享受\n精品衛浴備品，室內拖鞋\n精品名床，羽絨被組\n迎賓礦泉水\n茶包／煮水器方便您沖泡茶飲\nNespresso Pixie 膠囊咖啡機\n嬰兒澡盆、矮凳（數量有限，需預約），無提供嬰兒床\n奶瓶消毒鍋（於交誼廳內供免費使用）\n', '金漫會館', '新北市瑞芳區祈堂路197號', '2022-11-01', '2022-11-01', '2023-02-28', 99, 999, '年滿 20 歲以上登記入住並持有中華民國身分證或外僑居留證者。\n\n防疫期間，為配合政府措施及保障所有賓客身體，請配合體溫測量及手部消毒。\n\n請務必詳閱並遵守飯店之入住規範，為維護全體賓客權益，飯店保有權利拒絕接受預訂及旅客入住，敬請知悉。\n\n如有特殊需求，將視入住時可提供的服務而定，並可能產生額外的費用。\n\n房內陳設及格局請以實際入住之安排為主，恕無法指定，敬請見諒。\n\n會館無專屬停車場，可停至金瓜石醫院舊址廣場。\n\n依菸害防治法，全館禁止吸菸。\n\n續住打掃房間會做整理及垃圾清潔，但沒特殊狀況不換床單、被套、枕。', '', 5, '北區', '新北市', '住宿', '民宿'),
(44, 'firm005', '桃園｜蜜月世紀大飯店住宿', 2500, '豪華雙人房一大床', '－ 住宿說明 －\n\n飯店名稱：蜜月世紀大飯店\n飯店地址：桃園市桃園區三民路三段55號\n飯店電話：(03) 337-4567\n入住時間：下午 5 點後 \n退房時間：上午 11 點前\n\n\n\n－ 專案說明 － \n\n銷售日期：即日起 - 2023/12/31 \n入住日期：即日起 - 2023/12/31\n專案內容：\n- 提供 精緻雙人房/豪華雙人房/精緻四人房 房型住宿一晚\n- 依房型人數提供早餐\n\n\n\n－ 房型資訊 －\n\n每房皆提供電子卡片式門鎖、液晶電視、中央空調、無線寬頻 (請自備筆記型電腦)、冰箱、吹風機、電熱水壼、乾溼分離淋浴、免洗不織布毛浴巾、清潔用品、110V/220 插座\n\n【精緻雙人房】\n\n客房面積：約 8 坪\n床型資訊：兩小床 106*200cm\n\n【豪華雙人房】\n\n客房面積：約 7 坪\n床型資訊：一大床 210*200cm', '蜜月世紀大飯店', '桃園市桃園區三民路三段55號', '2022-11-01', '2022-11-01', '2023-02-28', 99, 999, '飯店不提供停車場，請於鄰近停車場停放。\n\n於出發前，除遭遇颱風、地震等天然災害或不可抗拒之因素時，可延期至原預訂日起 30 天內使用，並須於取消訂房時告知確定延期的住宿日期，僅限延期一次，延期後未入住者，恕不退費。\n\n須年滿 18 歲以上登記入住並持有中華民國國民身分證、台灣護照或外僑居留證，入住時需出示 \"訂購入住者\" 有效證件，若非上述者或無法出示者，請依各飯店規定補足差額。\n\n恕不接受 18 歲以下者單獨消費入住，未滿 18 歲者須有法定代理人陪同，必要時本飯店得要求消費者出示身分證件以資證明。\n\n飯店每房有入住人數的限制，超過預訂人數或年齡的其它增加的房客，飯店有權拒絕入住或請您現場加價加開客房（依飯店規定收費）。\n\n房內陳設及格局請以實際入住之安排為主，恕無法指定，敬請見諒。\n\n如有特殊需求，將視入住時可提供的服務而定，並可能產生額外的費用。\n\n額外收費項目請一律以實際報價為主，並請於現場將費用支付予飯店。\n\n依菸害防治法，全館禁止吸菸、禁止攜帶寵物 (導盲犬、導聾犬及肢體輔助犬除外) 入住。\n\n防疫期間，為配合政府措施及保障所有賓客身體，請配合體溫測量及手部消毒。\n\n請務必詳閱並遵守飯店之入住規範，為維護全體賓客權益，飯店保有權利拒絕接受預訂及旅客入住，敬請知悉。', '', 4, '北區', '桃園市', '住宿', '飯店'),
(45, 'firm005', '台灣桃園｜東眼山國家森林遊樂區門票', 80, '東眼山國家森林遊樂區門票成人票', '－ 行程說明 －\n\n開放時間：\n非假日：08:00 ~ 17:00\n假日：07:00 ~17:00\n兌換方式：至東眼山國家森林遊樂區入口處由工作人員感應 QR code 後即可入場。半票、免票等優待票種請於現場購票（票種參考）。\n聯絡電話：遊樂區：03-3821506 / 大溪工作站：03-3882038\n營業地址：臺灣桃園市復興區霞雲里佳志35號\n凡購買森林遊樂區電子門票之消費者，免收取停車費費用\n\n\n\n－ 景點介紹 －\n\n東眼山國家森林遊樂區距離桃園大溪約1小時的車程，過去曾是林務局的伐木林班，留下了許多林業遺跡，如集材機、苗圃等。在東滿步道口，還座落著一塊造林紀念石，見證著台灣林業的過去。東眼山的生態也非常豐富，擁有約43種山鳥，以及為數眾多的哺乳動物，連中高海拔才有的白面鼯鼠都可以在這裡看見。最特別的是，有不少台灣野兔住在這裡，漫步林間時，別忘了注意您的腳邊唷！\n\n位於健行步道盡頭的滿月圓瀑布與處女瀑布，也是遊樂區的兩大美景，從滿月小橋上望去，只見一垂高十餘公尺之大石壁遮掩滿月圓瀑布上端，瀑布直沖而下，聲勢極為壯麗，處女瀑布則較為溫柔婉約，在陽光普照之日，光影在水瀑間折射變化，時常可見瀑布有著虹彩般的絢麗。而位於東眼山林道旁的化石區，擁有千萬年歷史的化石與地景，十分珍貴。有機會到大溪一遊，不妨也安排到東眼山國家森林遊樂區，來趟洗滌心神的森林之旅吧！', '東眼山國家森林遊樂區', '桃園市復興區霞雲里佳志35號', '2022-11-01', '2022-11-01', '2023-02-28', 99, 999, '為因應防治狂犬病，禁止攜帶寵物(哺乳類)進入園區\n\n優待票票種請至現場購票，票種介紹請參考官網：https://www.forest.gov.tw/0000180', '自行開車：\n1. 桃園→大溪→省道台7線→復興→縣道119線→東眼山森林遊樂區\n2. 三峽→大埔→省道台7乙線→三民→省道台7線復興→縣道119線→東眼山森林遊樂區\n大眾交通：\n從大溪區公所對面搭乘桃園免費公車L807線「東眼山二線」，於終點站東眼山森林遊樂區下車(車程約2小時)。由大溪區公所往東眼山森林遊樂區發車時間：06:30、15:00；由東眼山森林遊樂區往大溪區公所發車時間：08:30、17:00。其他乘車資訊可洽東眼山遊樂區 (03-3821506)、桃園客運 (0800-053-808)。', 5, '北區', '桃園市', '景點', '觀光景點'),
(46, 'firm006', '桃園青埔｜ COZZI Blu Blu Bar 雙人下午茶套餐券｜須自行電話訂位｜國泰飯店2022 ITF台北國際旅展', 1380, '雙人下午茶套餐券', ' 請事先撥打餐廳 電話訂位並告知持有此券，訂位成功再購買餐券；結帳時請出示票券\n\n\n\n－ COZZI Blu Blu Bar 雙人下午茶套餐券－\n\n優惠適用日期：2022年10月25日至2023年06月30日（逾期依面額可轉為現金券使用）\n使用方式：請事先電話訂位，並告知使用此票券\n適用時段：平日15:00至17:00時段\n【使用1張券】可兌換之內容：「平日時段」雙人享用Blu Bar『雙人下午茶套餐』乙套，包含：\n雙人下午茶 乙組\n飲品兩杯\n※ 周六、周日及假日使用，每張票券需加價100元（現場收取）\n\n\n\n\n\n－ 飯店介紹 －\n\n飯店名稱：和逸飯店 桃園館\n地址：桃園市中壢區春德路101號\n\n\n\n\n－ Blu Bar－\n\n營業時間：週四至週日：15:00–23:00\n※ 週一至週三因應疫情關係暫停營業\n訂位電話：(03)273-7697', '【COZZI Blu 和逸飯店·桃園館】Blu Bar', '桃園市中壢區春德路101號', '2022-11-01', '2022-11-01', '2023-02-28', 99, 999, '票券優惠適用日期：2022年10月25日至2023年06月30日（逾期依面額可轉為現金券使用）。\n\n票券無使用效期，優惠效期為 2023.06.30 止，逾優惠效期經確認未使用 KKday 將免費取消。\n\n本券之面額為優惠售價，已存入發行人於台新國際商業銀行股份有限公司開立之信託專戶，專款專用，信託期間自出售日起算一年。台新銀行之信託查詢序號，將於訂購成功後以訂單訊息提供予訂購人。\n\n發行商資訊：酷遊天股份有限公司／地址：台北市內湖區新湖一路 128 巷 15 號 5 樓／統一編號：24547579。\n\n憑券可至COZZI Blu『Blu Bar』於『平日15:00-17:00時段雙人享用【雙人下午茶套餐券】乙套，包含：雙人下午茶乙組及飲品兩杯』。\n\n本券於周六、周日及假日使用，每張須加價NT$100。\n\n本券適用於 2023.06.30 前於COZZI Blu和逸飯店‧桃園館『Blu Bar』使用，於國定假日、特殊節日及逾優惠期間，恕無法提供優惠方案內容，將依本券票券面額抵用並另補差額，且僅限使用於COZZI Blu和逸飯店‧桃園館，恕無法使用於其他和逸飯店館別。\n\n本券所提供之餐點限內用，恕不提供外帶服務。使用前請事先預約訂席，並告知本券之編號。\n\n本券不適用於旅行社之訂席及轉售，並不得與其它優惠合併使用，相關優惠定義及未盡之使用內容及注意事項依飯店公告為主(www.hotelcozzi.com/cozzi-blu)。\n\n本券兌換前敬請事先訂位，如有任何疑問，請洽 COZZI Blu - Blu Bar (03)273-7697', '', 5, '北區', '桃園市', '美食', '甜點飲品'),
(47, 'firm006', '新竹市立動物園門票', 45, '新竹市立動物園門票成人票', '【 新竹市立動物園 】\n\n營運時間：09:00 至 17:00 (每周一及除夕休園，連續假期遇到週一則是視同假日開園)\n地址：新竹市東區食品路66號\n電話：03-522-2194\n\n\nー 新竹市立動物園介紹 ー\n\n新竹市立動物園於 1936 年創立，今年86歲了，是全台原址現存最老的動物園。106年啟動「動物園再生計畫」工程，以三大核心價值第一友善動物，打造沒有籠子、適合動物的展場，各動物活動空間是以往1.5倍；第二保留歷史記憶，園區特地保留老樹，大象門等歷史建築，讓大家一進到動物園，感覺熟悉又處處充滿驚喜；第三推動生命教育，讓動物園成為讓體驗生命教育的良好場域，是新竹動物園重要使命。於 108 年 12 月 28 日動物園重新啟用，讓這座曾經逐漸被遺忘的動物園，重新擦亮品牌，躍升成熱門景點，園區目前最夯的「5大看點」，包括歷史建築「大象門」、到「河馬樂樂」、「孟加拉虎新家體驗」、「大鳥籠」、及「森林食堂」。\n\n「大象門」此門由日本設計師模仿德國哈根貝克動物園大門所建造，這次動物園重整，團隊為找出大象門最真實的色調，一層層落漆，最後整整脫了 13 層，才顯現出大象頭最原始的藍綠色。現在許多民眾都還收藏著兒時與大象門的合影，重新開幕後也歡迎再來拍一張「時空還原照」！\n「河馬樂樂」從大象門進入後，第二必去之處，就是右手邊人氣明星「河馬樂樂」的家，新家「重新裝潢」後，河馬樂樂的生活空間變兩倍。園區特地為小小孩設置超低玻璃觀景窗，形成大約 120 - 130 公分的「最萌天際線」，不只是樂樂吃飼料、樂樂走上岸搖頭晃腦的樣子、樂樂在沙坑上做日光浴時可愛的模樣，從孩子視野就能一覽無遺，爸媽們也不用再煩惱要把孩子舉高高或抱得手痠了。\n「雨林通道」，有機會在近距離，看到孟加拉虎雙胞胎兄弟「六福」和「來福」，和老虎兄弟的鄰居紅毛猩猩雄大與馬來熊嘟嘟及維尼，總讓孩子們又驚又喜。事實上，從動物的視野看過來，我們才是被關在祕密通道裡的人類，到時誰被誰看還不知道呢！\n「舊時大鳥籠」被園區保留下來，並在裡面設置攀爬繩網、外圍鋪設沙坑，搖身變為兒童探索樂園，讓許多孩子一玩就捨不得離開，爸媽也可趁機休憩、或幫孩子拍照打卡。\n「森林食堂」有如美術館般的絕美親子餐廳，白色簡約俐落的造型配上大片玻璃帷幕，讓用餐民眾透過落地窗，可以眺望高草疏林區的伊蘭羚羊，「一邊看羚羊一邊享用餐點」，充電後、再繼續探索動物園。\n如果意猶未盡，動物園周邊百年大道上還有位於地下室一樓的新竹市立圖書館動物園分館及「免門票無限暢遊」的昆蟲館，也是親子必訪之地，新竹市文化局打造出溫馨的閱讀空間，收藏許多動植物生態圖書，讓孩子盡情吸收知識；由舊中廣播音站改造的「昆蟲館」，展示赫克力士長戟大兜蟲、蘇卡達象龜、食蛇龜、水豚、變色龍及眼鏡凱門鱷等動物，喜愛動物的民眾千萬不能錯過。\n', '新竹市立動物園', '新竹市東區食品路66號', '2022-11-01', '2022-11-01', '2023-02-28', 99, 999, '免費入園：未滿6歲之兒童、新竹市12歲以下兒童、年滿65歲以上、身心障礙者及其陪伴者1人\n\n動物園不可以帶寵物入園，因為野生動物及您的寵物可能會有病源交叉感染的危險\n\n動物園內的動物基於健康考量，一律不准餵食', '出新竹火車站後步行，站前的中華路向北(往右)走，遇到東大路橋後，右轉橋下之人行道後直行，即可抵達位於新竹公園內動物園， 步行時間約為 10 分鐘。\n由國道一號高速公路新竹交流道下，光復路往新竹方向直行，遇高架橋時，不上橋走外線，之後左轉食品路，遇博愛街的交叉口右轉即可到達。\n', 5, '北區', '新竹縣', '活動', '室外活動'),
(48, 'firm006', '新竹汽車旅館 | 168 motel 3 小時休息券', 600, '168 motel 3 小時雙人房休息', '◆ 票券使用前須事先撥打旅館電話詢問房況\n\n◆ 旅館分館：168 motel 新竹館\n電話：(03) 536 - 2277\n地址：新竹市北區西濱路一段 217 號', '168 motel 新竹館', '新竹市北區西濱路一段217號', '2022-11-01', '2022-11-01', '2023-02-28', 99, 999, '票券無使用期限，但優惠效期至 2022-12-30 止，逾優惠效期經確認未使用可辨理退貨。\n\n使用票券須事先致電 168 motel 平鎮館 (03) 439 - 7700、桃園館 (03) 301 - 2626、中壢館 (03) 494 - 5533 、中壢 2 館 (03) 427 - 6333、新竹館 (03) 536 - 2277詢問房況並告知訂單憑證上的核銷碼，若未事先告知旅館將依照情況有權拒絕票券的使用。\n\n不得與其他優惠合併使用，若房型升等及加時須補差價。\n\n不得找零及轉售，影本無效，遺失恕不補發。\n\n不適用節日: 除夕、春節、情人節、七夕、跨年及其前夕或連續假期。\n\n退貨之禮券需依票面金額收取 3% 手續費。', '', 5, '北區', '新竹縣', '住宿', '飯店'),
(49, 'firm006', '台灣新竹｜青蛙石天空步道', 90, '青蛙石天空步道門票全票', '－商品資訊－\n\n青蛙石天空步道位於新竹尖石鄉，是一座非常親近森林的步道；步道盡頭有一座懸空的玻璃彩虹步道，底下是那羅溪的河道溪谷，由彩虹步道上望出去，那羅溪谷的巨大峭壁上湍急的瀑布奔流而下，壯觀的奇景相當令人震撼。青蛙石天空步道親民好走，步道間還能感受到那羅部落的森林景致，蜿蜒的木棧道在森林裡像是一首柔美的譜曲，置身其間十分心曠神怡，彷彿做了一場森林浴，芬多精的洗禮，是尖石之旅很棒的自然饗宴。\n\n\n\n★ 為什麼叫做青蛙石？★\n\n根據地方父老的說法，從前泰雅族社會，青蛙和蚊子是宿敵。有一次，一隻大青蛙追食一群蚊子，只剩下最後一隻蚊子逃到溪谷，飛上山頭，青蛙受到岩石的阻隔無法追趕，只好眼睜睜的看著蚊子揚長而去。經過數百年的歲月變化，青蛙就成了岩石了。（節錄自新竹縣尖山鄉公所）\n', '青蛙石園區', '新竹縣尖石鄉錦屏道路', '2022-11-01', '2022-11-01', '2023-02-28', 99, 999, '12:30~13:00為清潔整備時間，該時段不開放參觀（實際開放時間請依照官方網站公告為準）。\n\n攜帶寵物進入園區內，需將寵物裝入寵物籠或包包內。\n\n此門票僅為全票，其他票種請於現場購買。\n\n未滿6歲之孩童可免費入場。', '◆交通方式: 開車 ➡ 北二高竹林交流道下→沿120縣道往橫山、尖石方向直駛→尖石→右轉直行即可達。 搭車 ➡ 新竹客運→竹東往那羅，於青蛙石站下車即可抵達。 地址：新竹縣尖石鄉錦屏道路 禁止帶寵物進入', 5, '北區', '新竹縣', '景點', '觀光景點'),
(50, 'firm006', '苗栗尚順育樂世界門票｜室內必玩樂園', 600, '苗栗尚順育樂世界門票全票', '－ 使用說明 －\n\n使用對象：本券不分大人小孩均適用\n兌換期限：請於營業時間內兌換，不可跨日或分次使用\n地址：苗栗縣頭份市中央路 105 號營業時間，請參閱官網公告\n　- 週一至週日：10:00 - 18:00\n　- 育樂天地即日起，設施為進行清潔保養，設施體驗開放場次請參考保養行事曆\n　- 1F 餐飲食品區營業：11:00 - 21:30\n　- 1F NET 營業時間同尚順購物中心\n　- 2F 湯姆熊營業：11:00 - 21:30(最後兌幣時間 21:00)\n\n為確保乘坐遊樂設施之安全性，請確實遵守園內數項遊樂設施之乘坐身高限制', '尚順育樂世界', '苗栗縣頭份市育樂街6-6號', '2022-11-01', '2022-11-01', '2023-02-28', 99, 999, '購買日期非使用日期，兌換效期期限日前持憑證皆可兌換使用，無需更改使用日期。兌換效期期限：2023/08/25。\n\n票券一經兌換後即時生效，設施入場券期限內當日開放設施每項限玩乙次。每項設施一旦離場後如須再次進入設施遊玩須另購票或持悠遊卡扣款遊玩，惟 6 樓攀岩走壁動能特區不受此限。\n\n6 樓攀岩走壁動能特區內除球池射擊區外，其他區域請穿著全包鞋進場。\n\n票券僅為設施入場，其餘付費項目及停車費用皆不包含在內。\n\n育樂天地每日營業時間、保養設施，以及各項設施搭乘規範，皆以官網所載與現場公告為準。館內設施如遇保養維修或不可抗因素，將暫停開放，入館時請先行確認相關服務內容，不得已設施暫停為由要求延期或賠賞。\n\n為維護您的安全，孕婦、患有心臟病、高血壓、頸部或背部疾病，請勿體驗搭乘設施。\n\n票券為無償取得，不得兌換現金。\n\n館內場所禁止吸菸，全館均禁食口香糖及檳榔。\n\n非套票之遊戲機台設施皆須額外付費，價格亦可能因促銷活動而有變化，請依現場公告為主。', '　-【搭乘高鐵】由苗栗站下車後轉乘高鐵快捷公車（高鐵－竹南科學園區線）至頭份國中站下車，步行 2 分鐘即可到達尚順育樂世界；或轉乘計程車，約 20 分鐘車程，即可到達\n　-【搭乘臺鐵】由竹南站下車後（經由車站東出口）轉乘計程車或搭乘苗栗客運，車程約 5 分鐘至尚順育樂世界', 5, '中區', '苗栗縣', '活動', '室內活動'),
(51, 'firm006', '山餡甜點下午茶。傳統原民食材 X 法式甜點', 200, '假日下午茶套餐券', '特色口味介紹\n\n馬告巧克力 : 使用原住民食材\"馬告\"，加上濃郁的巧克力，有著淡淡檸檬香氣的清爽口感，讓人無法停止的美味\n \n苧麻抹茶: 傳統泰雅族的織布植物\"苧麻\"製作而成的糖漿，清爽的植物香氣加上香濃抹茶，只要嘗過一次就會愛上\n \n藍橘拿鐵 : 在拿鐵中加入藍柑橘果露，夢幻的藍色漸層，是店內的人氣飲品\n \n鮮果氣泡飲 : 現切水果加上清爽氣泡水，小朋友最愛的清爽飲品', '石壁染織工業園區-山餡甜點', '苗栗縣南庄鄉石壁21鄰21號', '2022-11-01', '2022-11-01', '2023-02-28', 99, 999, '須先電話或是訊息預約，需前一日預約\n\n店家資訊\n\n電話 :037-821777\n\n官方LINE :https://lin.ee/VOo1m1R\n\nFB粉專 : https://reurl.cc/pW8Ny4', '苗21線8公里處，石壁公園左轉到底後左轉即為停車場', 5, '中區', '苗栗縣', '美食', '甜點飲品'),
(52, 'firm006', '苗栗南庄 | 巴巴坑道休閒礦場門票', 400, '巴巴坑道休閒礦場門票全票', '＊本園區將配合政府進行防疫級數管制措施辦法，每日定期消毒清潔。入園請配合戴口罩、量體溫、勤洗手及保持安全距離1.5公尺，並且務必填寫實聯制登記。如有任何異動訊息將公告於巴巴坑道官網及粉絲團。\n\n\n－園區資訊 －\n\n園區名稱：巴巴坑道休閒礦場 \n營業時間：\n- 平日 09:00 - 17:00\n- 假日 09:00 - 18:00\n＊每周二店休 ( 連續假期 & 暑期期間照常營業 )\n地址：苗栗縣三灣鄉頂寮村祭山湖15之1樓\n－方案介紹 －\n\n【苗栗南庄巴巴坑道休閒礦場 | 入園門票 & 礦坑體驗＆蔥油雞套餐（可優惠加購DIY)】\n1. 方案包含：單人入園門票乙張、蔥油雞套餐乙份\n2. 獨家贈送：礦工黑糖冰棒乙支\n3. 可優惠加購「台車組裝」、「彩繪安全帽」、「彩繪小火車」DIY體驗\n＊用餐時間為10:00~16:00，敬請注意。\n\n\nー 園區介紹 ー\n\n巴巴坑道\n兼具礦場文化與觀光產業結合的多元休憩園地，保留採礦原貌，把廢棄礦區注入創新的元素。園區隨處可見坑道意象設施100 公尺的坑道實境，可體驗早期礦工在地底下的工作環境，驚嘆又充滿趣味！園區室內、戶外設計亦處處可見創意與巧思，餐廳供應主人自己飼養的放山雞、和道地的客家美食，也可以在南洋風味的雨林綠景花坊享受悠閒下午茶。透過在地產業故事與實體坑道體驗讓遊客了解台灣40至70年代的重要能源開發盛況，快來展開一趟「礦味十足」寓教於樂的採礦文化之旅！', '巴巴坑道', '苗栗縣三灣鄉15-1樓', '2022-11-01', '2022-11-01', '2023-02-28', 99, 999, '', '1. 台鐵 ：搭乘至竹南火車站下車→轉搭苗栗客運(往南庄班車,經獅頭山線) →三灣→5公里下北灣站(下車)→步行約15分鐘即可抵達  \n2. 開車\n中山高出發： 中山高→頭份、三灣交流道→珊珠湖(注意需右轉往三灣方向)接台三線→三灣→苗124線 (中國石油加油站前) 方向→走4公里至124線20.5公里處左轉→再走1公里右轉即達\n北二高出發： 北二高(南下) →芎林交流道→竹東→北埔(台三線) →峨嵋→珊珠湖→三灣→苗124線 (中國石油加油站前) 方向→走4公里至124線20.5公里處左轉→再走1公里右轉即達\n北二高出發： 北二高(北上) →竹南交流道下→頭份、三灣交流道→珊珠湖(注意需右轉往三灣方向)接台三線→三灣→苗124線 (中國石油加油站前) 方向→走4公里至124線20.5公里處左轉→再走1公里右轉即達\n3. 自行開車所需時間\n- 頭份、三灣交流道→三灣→巴巴坑道：約20分鐘\n- 芎林交流道→三灣→巴巴坑道：約50分鐘\n- 竹南交流道→三灣→巴巴坑道：約40分鐘', 4, '中區', '苗栗縣', '景點', '觀光景點'),
(53, 'firm006', '彰化 | 成美文化園門票', 300, '成美文化園門票全票', '－ 行程特色 －\n\n成美文化園，十公頃國際級造景庭園，全新景點裝滿百年經典，台灣最夯的偽出國景點，歡迎闔家蒞臨參訪。成美文化園的西園區「和園」，屬於迴遊式庭園，寬敞且明亮，有著五大看點：天然畫框、白砂青松庭、枯山水景、瀑布、池景，有著「台版兼六園」的美譽。550 歲的紫檀（楓港柿）、220 歲的日本黑松，更是鎮園之寶，棵棵百年老樹，幽邃且層層交疊，得需穿梭其間，才能一覽全貌。和園其中的「北國風情落羽松秘境」擺放雪白兔子裝置藝術，彷彿走入童話世界。\n成美文化園核心價值為二進四護龍之「成美公堂」為百年古宅，保留閩客傳統建築技藝與人文藝術精華，聚集國寶級匠師，歷經7年時間完成修復，再現絕代風華。「傳習齋」成美公堂修復工程，開創台灣古蹟修復首例。為求精準修復，取修復工程中最難修復、複雜的部分，搭設一座一比一比例的試作區，做為正式修復工程之參考。成美堂修復完工後，試作區亦完整保存，作為建築教育，古蹟研究之傳承教學區。\n成美文化園特別將葡萄牙知名彩虹街道，搬進成美公堂，吊掛了百把「油紙傘裝置藝術」，將原本沉靜內斂的過水廊，瞬間化身迷人的百年街景。「成美公堂」共有 44 間展示空間，每個展間均有不同主題，而「六藝展間」：禮、樂、射、御、書、數。展間「書 - 字體拼貼牆」，設計了多元色彩的磁鐵，讓訪客以互動體驗的方式，來了解漢字的構成及組合字的運用\n－ 行程資訊 －\n\n營業時間：每日 09:00 - 17:00 \n園區地址：彰化縣永靖鄉中山路2段60號\n成美文化園 │ 官網\n成美文化園 │ FB臉書粉絲團\n\n\n\n－ 方案介紹 －\n\n成美文化園門票\n- 一般票 $300，適用 18 - 64 歲成人\n- 入園費用可抵全館消費 $100，不適用於餐廳\n', '成美文化園', '台灣彰化縣永靖鄉中山路二段60號', '2022-11-01', '2022-11-01', '2023-02-28', 99, 999, '參觀區域如遇整修、施工或重大特殊事故造成影響時，本園得視需要停止開放部分區域\n\n請勿觸摸建物/展品/植栽、踐踏草皮、飲食、吸菸、嚼食檳榔及口香糖、倒臥座椅、就地而坐、拋棄紙屑雜物、進行任何博奕遊戲\n\n請勿穿著輪鞋或使用滑板、腳踏車、攜帶各類違禁及危險物品、外食等入園\n\n請勿追逐嬉戲、高聲談笑，勿使用擴音設備或有影響其他遊客參觀之行為\n\n全園區禁止使用空拍機，若未經核備而使用，導致園區損失者需照價賠償\n\n攜帶寵物請置於寵物推車、背帶及提袋中入園參觀（導盲犬除外）\n\n為維護遊客參觀品質，請遵守本園各項規定，未遵守規定者得拒絕其入園\n\n上述若因未確實遵守規範事項，造成設施或展品有任何損傷或毀壞者，本園有保留求償的權利，若有任何變動或更正，請以官方網站公告為主', '・南下： 國道1號前往埔心方向，循台76線快速公路，於22號員林出口下交流道，右轉行駛台1線往田尾方向，直行約3公里，於永靖街路口紅綠燈迴轉，即抵達園區。 國道3號於222號中興系統下交流道，接台76快速道路，於22號員林出口下交流道，左轉行駛台1線往田尾方向，直行約3公里，於永靖街路口紅綠燈迴轉，即抵達園區。\n・北上： 國道1號前往北斗方向，於220號北斗出口下交流道，右轉循150縣道斗苑路行約2公里，再左轉接台1線往永靖方向，約16分鐘抵達園區。\n・高鐵轉乘公車： 至彰化高鐵站轉乘高鐵快捷公車，搭乘7號往員林轉運站班車，在永靖站下車。\n・台鐵轉乘公車： 搭乘台鐵至員林火車站，步行約8分鐘前往員林轉運站，搭乘7號高鐵快捷公車往田中火車站班車，在永靖站下車。', 5, '中區', '彰化縣', '景點', '觀光景點'),
(54, 'firm006', '彰化｜福泰商務飯店 | 住宿贈送卷木森活館入場門票', 2234, '高級雙人房一大床|贈卷木森活館入場門票 2 張', '－ 專案說明 －\n\n銷售日期：8/1 - 12/30\n入住日期：8/1 - 12/30\n不適用日：9/9 - 11、10/8 - 10\n方案內容：\n1. 提供高級雙人房（一大床）\n2. 翌日早餐 2 客\n3. 本專案不含飯店停車費(如需停車加購價 300 元，飯店支付)\n4. 贈送卷木森活館入場門票 2 張\n- 園區自由參觀\n- 入場優待券可全額折抵館內不限金額之消費，共可折抵 100 元\n備註：\n- 訂購完成將會收到 1 張住宿憑證、1 張卷木森活館兌換憑證\n- 請依選擇住宿日期入住，卷木森活館請於入住日當天前往\n\n\n－ 住宿說明 －\n\n飯店名稱：彰化福泰商務飯店\n飯店電話：04-712-5228\n飯店地址：彰化市建寶街 20 號\n入住時間：下午 3 點以後\n退房時間：中午 12 點以前\n\n\n\n－ 房型介紹 －\n\n【高級雙人房】\n\n床型：一大床 165cm x 200cm x 1 張\n坪數：9 坪\n房間設備：42 吋平面液晶電視、有線電視頻道、乾濕分離衛浴設備、高級盥洗備品 & 吹風機、室內拖鞋、冰箱、礦泉水、咖啡及茶包、煮水器、豪華沙發椅、電腦工作桌椅、寬頻網路線及無線網路、獨立自動恆溫空調、數位卡片控鎖、電子保險箱－ 卷木森活館 －\n\n地點：卷木森活館\n地址：彰化縣鹿港鎮工業東三路 6 號\n電話：04-781-2018\n營業時間：週五至週三 9:00 - 17:00 （週四公休，最後入場及體驗 DIY 時間 16:00）\n- 過年等重大節日休館時間請見 FB 粉絲團公告\n', '彰化福泰商務飯店', '彰化市建寶街20號', '2022-11-01', '2022-11-01', '2023-02-28', 99, 999, '防疫期間，請配合政府及飯店防疫措施，以保障所有賓客安全。請務必詳閱並遵守飯店之入住規範，為維護全體賓客權益，飯店保有權利拒絕接受預訂及旅客入住，敬請知悉。\n\n房內陳設及格局請以實際入住之安排為主，恕無法指定，敬請見諒。\n\n額外收費項目請一律以實際報價為主，並請於現場將費用支付予飯店。\n\n如有特殊需求，將視入住時可提供的服務而定，並可能產生額外的費用。\n\n全館禁菸、禁止攜帶寵物入住。', '', 5, '中區', '彰化縣', '住宿', '飯店'),
(55, 'firm007', '彰化百果山探索樂園門票', 300, '彰化百果山探索樂園門票全票', '－ 票券介紹 －\n\n百果山探索樂園\n位於彰化員林，園區佔地8000坪，是全台唯一以恐龍為主題的親子探索樂園，園區內擁有多項設施，有1:1恐龍造型模型、虛擬實境、3D體驗館、親子餐廳、兒童遊樂區-溜滑梯、親子球池、考古沙坑、氣墊城堡等，絕對是孩子們放電的快樂天堂，在園區內步行感受各種恐龍帶給你的樂趣，在這裡，能夠待上一整天好好的玩個過癮，共創美好親子共遊的回憶！', '百果山探索樂園', '彰化縣員林市出水巷12-36號', '2022-11-01', '2022-11-01', '2023-02-28', 99, 999, '', '', 5, '中區', '彰化縣', '活動', '室外活動'),
(56, 'firm007', '清境小瑞士花園門票', 80, '清境小瑞士花園門票全票', '－ 方案介紹 －\n\n小瑞士花園入園券全票', '清境小瑞士花園', '南投縣仁愛鄉仁和路170號', '2022-11-01', '2022-11-01', '2023-02-28', 99, 999, '小瑞士花園內每日有定時水舞表演，若於當日營業時間內，需要重複進出園區，請於出入口處向服務人員蓋上手章，方能再次入園。\n\n營業時間可能異動，出發前請至官網確認', '', 4, '中區', '南投縣', '景點', '觀光景點'),
(57, 'firm007', '日月潭涵碧樓酒店｜東方餐廳 The Oriental Brasserie 餐券｜台灣南投', 1449, '東方餐廳 The Oriental Brasserie 餐券', '－ 票券介紹 －\n\n兌換方式：請事先撥打餐廳電話訂位並告知持有此券，訂位成功再購買餐券；結帳時請出示票券\n餐廳名稱：日月潭涵碧樓酒店\n餐廳電話：(049) 285 - 5313 # 6867\n餐廳地址：南投縣魚池鄉水社村中興路 142 號\n供餐時間：\n- 午餐 11:30 - 14:00\n－ 方案介紹 －\n日月潭｜涵碧樓酒店東方餐廳 1 人午餐餐券（2022）\n- 本券可 1 人於涵碧樓酒店東方餐廳午餐時段享用平日 NT$1,380+10% 套餐乙客／假日自助午餐吃到飽乙客 (已含服務費)\n- 本券平假日適用，特殊節日 (母親節等依店家規定為主) 需加價使用，農曆春節期間不適用\n- 用餐時間：午餐時段 11:30 ~ 14:00', '日月潭涵碧樓酒店｜東方餐廳', '南投縣魚池鄉水社村中興路142號7樓', '2022-11-01', '2022-11-01', '2023-02-28', 99, 999, '請務必事先致電店家訂位並請告知是購買「大賀行銷票券」，使用憑證上的合作店家確認號，就能於現場核銷使用，訂購幾組就會在憑證上獲得幾組核銷確認碼。若未依規定提前預約，店家有權不接受兌換餐券。\n\n一組電子憑證限兌換一次，一經兌換即不可重覆使用，務必妥善保存，若因電子憑證遣失或造成被第三方兌換，所造成損失，需由消費者承擔，恕不補發。\n\n本平台商品服務禮券載明之票面價值不等同於本平台售價。\n\n本券恕無法與其他優惠及專案合併使用，旅行社團體不適用。\n\n本券於販售時已開立代收轉付收據或統一發票，兌換時恕不再另行開立。\n\n日月潭｜涵碧樓酒店東方餐廳 1 人午餐餐券（2022）：本券可 1 人於涵碧樓酒店東方餐廳午餐時段享用平日 NT$1,380+10% 套餐乙客／假日自助午餐吃到飽乙客 (已含服務費)，優惠於平假日適用，特殊節日 (母親節等依店家規定為主) 需加價使用，農曆春節期間不適用。未持券者每人最低消費請以店家規定為主，每人低消平日 NT$1,380+10%，4~12,歲兒童半價，未滿 4 歲幼兒免低消 (本券不可折抵兒童消費)。\n\n餐券優惠期間 (自開票日算起 1 年內) 同信託期間，逾期可視同現金券（下午茶餐券面額 NT$1,180、午餐餐券面額 NT$1,380）折抵現場公告之牌價並補足差額使用。。', '', 4, '中區', '南投縣', '美食', '餐廳'),
(58, 'firm007', '南投｜溪頭教育中心｜銀杏樓雙人房住宿券（須自行電話預約）', 2200, '銀杏樓雙人房住宿券', '－ 使用說明－\n\n\n兌換方式：票券使用時須 3 天前掃描本券QR Code快速訂房或請點入訂房網址直接進入訂房流程\n飯店名稱：溪頭教育中心\n飯店電話：(049）2612183 轉分機 0\n飯店地址：南投縣鹿谷鄉內湖村森林巷10號\n入住時間：15:00 以後\n退房時間：次日 11:00 以前\n\n\n\n\n－ 方案介紹 －\n\n南投｜溪頭教育中心｜銀杏樓雙人房純住不含早餐住宿券\n- 本券可 2 人至「溪頭教育中心-銀杏樓」入住2人房乙晚，不含早餐，含 2 人免費入園、免費園區內停車；房型依現場安排，恕無法指定\n- 本券限淡季 (1~6月、9~12月)：平日 (週日~週五) 使用，假日 (週六、國定假日及連續假期) 需加價 NT$1,000；旺季 (7~8月)：平日 (週日~週五) 需現場加價 NT$1,200，假日 (週六、國定假日及連續假期) 需於現場加價 NT$2,200；農曆春節期間不適用；平假日定義依飯店公告為準\n- 如欲升等房型或加人使用須於現場加價使用\n- 本券不含早晚餐。如有訂餐需求，請於訂房時或入住前提前預訂，服務專線：(049）2612183 轉分機 0', '溪頭教育中心', '南投縣鹿谷鄉內湖村森林巷10號', '2022-11-01', '2022-11-01', '2023-02-28', 99, 999, '本平台商品服務禮券載明之票面價值不等同於本平台售價。\n\n請務必使用前掃描本券 QR Code 快速訂房或請點入訂房網址 https://reurl.cc/N6y6Ok 直接進入訂房流程完成預約，使用憑證上的合作店家確認號，就能於現場核銷使用，訂購幾組就會在憑證上獲得幾組核銷確認碼。\n\n一組電子憑證限兌換一次，一經兌換即不可重覆使用，務必妥善保存，若因電子憑證遣失或造成被第三方兌換，所造成損失，需由消費者承擔，恕不補發。\n\n票券入住時間及退房時間依各方案規定為準。\n\n依房型人數免入園門票，其餘需按園區收費標準購票入園，敬請知悉。\n\n本券限淡季 (1~6月、9~12月)：平日 (週日~週五) 使用，假日 (週六、國定假日及連續假期) 需加價 NT$1,000；旺季 (7~8月)：平日 (週日~週五) 需現場加價 NT$1,200，假日 (週六、國定假日及連續假期) 需於現場加價 NT$2,200；農曆春節期間不適用；平假日定義依飯店公告為準，敬請於預約時確認。\n\n本券如需加人或欲入住其他房型須現場依官網公告另行加價，入住時請出示此券交予櫃台人員核銷。\n\n房型依設計不同設備略有不同，實際房型依飯店現場安排為主。\n\n本券為折扣後之優惠價使用，恕不得與其他優惠活動合併使用。\n\n本券優惠期間至2022 年 12 月 30 日止，敬請於優惠期限內使用完畢。', '', 5, '中區', '南投縣', '住宿', '飯店'),
(59, 'firm007', '雲林｜劍湖山世界主題樂園門票', 900, '劍湖山世界主題樂園門票全票', '－ 推薦設施 －\n\n飛天潛艇 G5：園區內最具代表性的遊樂設施。延著劍湖山山勢量身打造的型鋼骨支架，帶你慢速攀升至高點，瀏覽大尖山蒼翠綠意美景，再以時速 110 公里垂直向下俯衝，體驗 5G 力瞬間快感。\n衝瘋飛車：亞洲首座「無底盤式」設計，全台灣最好玩雲霄飛車。360度翻天覆地瀏覽園區，準備好感受急速起伏失重刺激腎上腺素帶來的超 high 爽感，保證讓你連續尖叫120 秒。\nVR Dino 飛越恐龍谷：體驗最夯恐龍元宇宙，戴上 VR 眼鏡感受沉浸式虛實結合，群龍環伺，帶你重返侏儸紀，驚嚇指數百分百！\n幸福摩天輪：搭乘全台海拔最高、聳立在大尖山上的巨大摩天輪，放眼眺望環繞古坑的大尖山美景及延綿嘉南的平原綠意，享受 15 分鐘醉心時光，拍下與美景的獨家記憶。\n\n－ 活動介紹 －\n\n演出活動：花漾魔幻特技秀\n時間：每日 13:30 及 20:00，每場演出約 40 分鐘。\n演出地點：彩虹劇場\n演出簡介：燈光漸暗，身懷絕技的蛙兒引領你進入萬花盛放的神秘世界，找好座位，神乎其技即將上演，快來看花兒蛻變而成的仙子「大耍花樣」！咋舌特技、勁歌熱舞、歡樂小丑與奇幻魔術交織成最磅礡的嘉年華盛會。\n演出時間如有異動，請依現場公告為主。\n為維護節目品質及智慧財產權，演出過程禁止「拍照、錄音、錄影」，謝謝您的配合。\n', '劍湖山世界主題樂園', '雲林縣古坑鄉67號', '2022-11-01', '2022-11-01', '2023-02-28', 99, 999, '不建議患有下列疾病或其他不宜受到過度刺激的旅客參加此項目\n\n高血壓、心臟病、懼高症、氣喘、癲癇、懷孕婦女\n\n3 歲以下或身高未達 100 cm之幼兒，可免費入園。\n\n其他優待票種需現場購買： 60 歲以上長者、持有媽媽手冊之孕婦、身障朋友及陪同者一名、 3 - 6 歲或 100 - 120 公分以下之幼童。\n\n若現場出示不符合預訂票種之身分證明會導致無法換票，需自行負責。\n\n憑證兌換後須於當日入園，恕不接受退票。\n\n為顧及您的安全，敬請遵守各項設施使用規定。\n\n入園前工作人員將在旅客手臂上蓋章，以便進出樂園。\n\n營業時間、季節性活動及設施維修保養公告請參考官網。', '', 5, '中區', '雲林縣', '活動', '室外活動'),
(60, 'firm007', '雲林御品王朝旅店｜平日住宿券｜須自行電話訂房', 2666, '平日御品汽車雙人房住宿券', '◆ 請事先撥打旅店電話訂房並告知持有此券，訂房成功再購買住宿券；結帳時請出示票券\n\n旅店名稱：御品王朝旅店\n旅店地址：雲林縣斗南鎮建國一路 288 號（斗南鎮立田徑場對面）\n旅店電話：(05) 595 - 0101\n入住及退房時間：入住時間 16:00 以後，退房時間 11:00 以前', '御品王朝旅店', '雲林縣斗南鎮建國一路288號', '2022-11-01', '2022-11-01', '2023-02-28', 99, 999, '票券無使用期限，但優惠效期為 2022-12-30 止，逾優惠效期經確認未使用可辨理退貨。\n\n使用票券須事先致電御品王朝旅店 (05) 595 - 0101 訂房並告知訂單憑證上的核銷碼，若未事先告知旅店將依照情況有權拒絕票券的使用。\n\n住宿券如未提前電話預訂，需依現場房間狀況視情況提供，不保證有房。\n\n票券為折扣後之優惠價使用，恕不得與其他優惠活動合併使用。\n\n退貨之禮券需依票面金額收取 3% 手續費。', '', 5, '中區', '雲林縣', '住宿', '飯店'),
(61, 'firm007', '雲林劍湖山渡假大飯店', 2150, '雲林劍湖山渡假大飯店雙人房', '雲林劍湖山渡假大飯店\n劍湖山渡假大飯店位於雲林古坑，擁有60公頃主題樂園「劍湖山世界」的國際休閒渡假大飯店。\n－ 飯店介紹 －\n\n飯店名稱：雲林劍湖山渡假大飯店\n飯店地址：雲林縣古坑鄉永光村大湖口67之8號\n飯店電話：(05)582-8111\n入住時間：15:00 以後\n退房時間：12:00 以前\n接駁：免費定點定時預約接駁(最晚需於前1天預約，車位座位數有限，額滿為止)\n►車站往飯店發車時間: 11:10、17:10，搭乘地點：高鐵雲林站三號出口6號站牌。\n►飯店往車站發車時間: 10:00、14:00、16:00，搭乘地點：飯店門口。\n►車程時間:飯店→斗六車站(約35分鐘)→雲林高鐵(約50分鐘)→斗六車站(約50分鐘)→飯店(約30分鐘)\n►接駁時間若有調整請依官網公告為主，謝謝。\n【劍湖山樂園門票加購優惠】：享樂園門票單日券加購價NT$899買一送一(每房限購二組)', '雲林劍湖山渡假大飯店', '雲林縣古坑鄉永光村大湖口67之8號', '2022-11-01', '2022-11-01', '2023-02-28', 99, 999, '訂購本產品前，請務必詳閱產品之訂購須知及相關約定。如訂購人非旅客本人，訂購人將居於代理人地位，亦即有義務充分告知旅客本人各行程。訂購須知與限制約定，在點選同意後其法律效力及於旅客本人，恕不接受事後旅客本人以不知或未瞭解等事由做為抗辯理由。\n\n購買『愛心票/敬老票』售價者，請於出發當天，務必攜帶有效證件進出站，以利高鐵站務人員查驗，若經高鐵查驗未帶證件者或有異者，高鐵有權拒絕您的搭乘，需另購一張高鐵車票始可搭乘，原高鐵假期車票則無法辦理退票及退費。\n\n南港、台北、板橋，以上三站恕不適用任兩站為啟程站及到達站 (例如: 到達站為台北站之行程，恕不適用南港及板橋站啟程)。\n\n部份假日或特定期間需加價，不適用本專案售價之日期定義，依各飯店、行程供應商及各 KKday 規定而定。\n\n售價包含高鐵標準車廂對號座全票來回各一張；乘車日需等同飯店入住或行程出發日，單筆訂單限出發站及目的地站同點進出，且搭乘同一車次。若行程需求延回，飯店回程接駁服務敬請旅客自理。專案為去回程車票，不得單程退票。\n\n此專案高鐵車票為優惠票價，限當日當班使用，且不記名，如有遺失恕不補發，請妥善保管。凡塗改、污損致難以辨識，或影印者，均屬無效。\n\n行程若含住宿，入住及退房時間依各飯店規定為主。行程若含住宿，廣宣價搭配房型數量有限，實際可銷售之房型依銷售狀況而定，無法更換其他房型。\n\n本專案部分飯店售價不適用外籍旅客，如需現場加價則依飯店規定而定。\n\n若同行者有嬰兒，請逕向 KKday 詢問保險事宜。\n\n預購29日以後出發之行程，將與高鐵搭乘日前29日預定高鐵車票，實際可搭乘之車次以客服人員回覆為主。\n\n各產品之詳細內容、付款方式、付款期限及旅客權利等，請逕向 KKday 客服洽詢。其他出發地、車廂別、優惠身分、人數等詳細內容、售價及相關規定，請逕向 KKday 客服洽詢。\n\n照片僅供參考，實際情形以現場為準。本網站部分景點圖片來源，由墨刻出版股份有限公司提供，非經同意不可作任何形式之轉載或複製。\n\n台灣高鐵公司保有取消、終止、修改或暫停本專案之權利。本專案及各產品如有變動(包括但不限於調整售價、內容等)，將於高鐵假期官方網站及KKday公告，恕不另行通知。\n\n入住飯店時須出示 “訂購入住者” 的有效證件並且年滿 20 歲以上。\n\n本專案之高鐵乘車票之行程變更、退票等相關程序，請與KKday客服辦理。若需取消訂單，請主動與 KKday 客服聯繫。', '', 5, '中區', '雲林縣', '住宿', '飯店'),
(62, 'firm007', '嘉義｜太平雲梯門票', 100, '太平雲梯門票', '－商品資訊－\n\n太平雲梯號稱全台海拔最高、長度最長的景觀吊橋，地處太平風景區前緣，橫越嘉義太平山與龜山，是欣賞雲嘉南平原直至台灣海峽的最佳景點之一。登上雲梯，山間的徐徐清風吹拂，天地開闊，視野毫無毫無遮蔽。天氣晴朗時可以俯瞰嘉南平原，雲霧升起時還能感受漫步雲端的氛圍。遠處的茶山綠意盎然，山巒連綿起伏，在微風下送來悠悠茶香。雲梯的橋面設計為木棧板，方便行走，堅固的結構和材質保證了在行走時幾乎感受不到搖晃，透過橋段中央的鏤空鐵架可以俯瞰腳下的綠野，想體驗刺激的遊客千萬不能錯過這裡哦。', '太平雲梯', '嘉義縣梅山鄉太平村下坑仔5號', '2022-11-01', '2022-11-01', '2023-02-28', 99, 999, '太平雲梯公共意外責任險每人體傷責任投保金額為新臺幣600萬元。\n\n梅山至太平已公告禁行甲類大客車，僅乙類中巴及一般小客車可通行。\n\n非開放通行期間以安全為考量，禁止進入雲梯，擅自進入者後果自行負責。\n\n參觀遊客如有明顯意識不清或酒醉行為者嚴禁進入，另懼高症、高血壓、心臟病、氣喘、孕婦或其他身體狀況不宜通行者，為維護安全請勿進入。\n\n雲梯前後皆有階梯，為安全考量，嬰幼兒車及輪椅請勿進入。\n\n為維護參觀品質及旅遊安全，遊客參觀時請勿吸煙，亦禁止攜帶寵物、爆裂物或其他可能造成設施損壞之物品。\n\n雲梯上禁止撐傘、穿著高跟鞋、跑跳、喧鬧、攀爬、搖晃、團體齊步、丟擲物品等行為。遊客請依序進入並循規定路線參觀，紅色警示燈閃亮時，禁止遊客進入，橋上遊客應遵從服務人員指示儘速離開。\n\n遇有颱風、地震、豪雨、強風、落雷及其他不適雲梯通行之天候時，官方得停止開放通行，待確認設施安全無虞後，再行公佈開放日期。\n\n除依「天然災害停止辦公及上課作業辦法」規定，嘉義縣政府決定停止公告或上課之起止時間；或其他經營管理單位視園區實際狀況，足以影響遊客安全時必須全部或部分封閉，主辦單位得辦理延期或取消活動，並提前公告及聯繫，如有未盡事宜，主辦單位保留修改、終止、變更活動內容細節之權利。出發前請確認官方網站。\n\n太平雲梯網站https://www.taipingbridge.tw/', '', 5, '南區', '嘉義縣', '景點', '觀光景點'),
(63, 'firm008', '板陶窯入園門票', 100, '板陶窯入園門票', '－ 方案說明 －\n\n板陶窯工藝園區入園門票：門票全額抵消費，50元抵餐飲；50元抵藝品或DIY\n\n－ 方案介紹 －\n\n為了讓遊客深入了解當地特色，不至於走馬看花，板陶窯推出一系列的套裝行程。\n\n騎乘協力車穿梭小道，經由導覽員的解說，探索社區營造的歷程；藉由DIY體驗活動，可以盡情發揮創意，製造屬於自己獨一無二的作品；亦可在餐廳休息，享用美味餐點，飲料、點心以及最具特色的陶板燒；更可參觀工藝館內最具特色的以剪黏與交趾陶技法構建而成的色彩絢麗藝術品。', '板陶窯交趾剪黏工藝園區', '嘉義縣新港鄉板頭村45-1號、45-2號\n', '2022-11-01', '2022-11-01', '2023-02-28', 99, 999, '門票全額抵消費，$50元抵餐飲、$50元抵工藝品或DIY體驗。\r\n此門票限定一人一票使用，每筆電子票券僅能通行一次，驗證進場後無法重複使用。\r\n此門票為成人票，其他票種請至現場購買。\r\n農曆除夕固定休假，其餘彈性休假請參照官網與臉書公告為準。 更多資訊請參閱 官網', '', 4, '南區', '嘉義縣', '景點', '觀光景點'),
(64, 'firm008', '嘉義｜棒棒積木飯店', 4180, '積木館｜豪華四人房', '－ 住宿說明 －\n\n飯店名稱：棒棒積木飯店\n飯店地址：嘉義縣太保市太子大道 223 號\n官方網站\n入住時間：15:00 以後\n退房時間：11:00 以前\n\n\n\n－ 方案介紹 －\n\n◆ 積木館｜豪華四人房｜含早餐\n\n住宿 1 晚\n含早餐 4 客\n每房贈送：棒棒鯨奇樂園門票 2 張【鯨奇券適合 2 - 12 歲（90cm 以上)幼童】＋家長陪伴券 2 張、積木橡皮擦 4 個 \n鯨奇樂園每週一清潔休館，建議週一入住者週二遊玩，週日入住者提早 check in 於週日當天遊玩。\n開放時間為 10:00 - 18:00 - 鯨奇樂園配合國慶連假，2022/10/10（一）正常營運 - 鯨奇樂園（海洋館）票劵限住宿期間使用，可使用 5 小時，開放時間為週二至週日 10:00 - 18:00（每週一休館），暢遊鯨奇樂園五大遊具：(1) 海盜古戰場 (2) 驚速滑梯場 (3) 迷宮尋寶場 (4) 決戰沙池場 (5) 巨型積木場，樂園全館謝絕外食，請穿止滑襪進場\n－ 房型介紹 －\n\n【積木館｜豪華四人房】\n\n床型：二中床 150cm x 188cm x 2 張，約 8 坪\n客房設備：43 吋液晶電視、吹風機、煮水壺\n衛浴：乾濕淋浴間、馬桶\n盥洗設備：洗髮精、沐浴乳、漱口杯', '棒棒積木飯店', '嘉義縣太保市太子大道223號', '2022-11-01', '2022-11-01', '2023-02-28', 99, 999, '防疫期間，為配合政府措施及保障所有賓客身體，請配合體溫測量及手部消毒。\n\n請務必詳閱並遵守飯店之入住規範，為維護全體賓客權益，飯店保有權利拒絕接受預訂及旅客入住，敬請知悉。\n\n如有特殊需求，將視入住時可提供的服務而定，並可能產生額外的費用。\n\n額外收費項目請一律以實際報價為主，並請於現場將費用支付予飯店。\n\n房內陳設及格局請以實際入住之安排為主，恕無法指定，敬請見諒。\n\n禁止攜帶寵物入內、 室內禁止吸菸。\n\n鯨奇樂園每週一清潔休館，建議週一入住者週二遊玩，週日入住者提早 check in 於週日當天遊玩。開放時間為 10:00 - 18:00。\n\n鯨奇樂園（海洋館）票劵限住宿期間使用，可使用 5 小時，開放時間為週二至週日 10:00 - 18:00（每週一休館），暢遊鯨奇樂園五大遊具：(1) 海盜古戰場 (2) 驚速滑梯場 (3) 迷宮尋寶場 (4) 決戰沙池場 (5) 巨型積木場，樂園全館謝絕外食，請穿止滑襪進場。', '', 5, '南區', '嘉義縣', '住宿', '飯店'),
(65, 'firm008', '嘉義 | 林聰明沙鍋魚頭', 250, '沙鍋魚肉、雞肉飯/滷肉飯、阿里山冷泡茶套餐', '使用日期：【KKday會員限定】週一至週五及週日 14:00-17:00 快速通關；人多時可能需稍微等待，請見諒！(座位依現場工作人員安排，請以每套餐最多使用人數入場，超過套餐使用人數的同行友人若未購買 KKday套餐，請根據現場排隊的順序。)\n用餐地點：【創始總店】嘉義市中正路 361 號\n\n出示 KKday 電子憑證供現場人員核銷，享有免排隊及套餐組合特惠\n\n需要按照預訂日期及當天開放時間內使用，逾期失效\n\n若套餐食材在當日販售完畢，店家會替換相同價值的品項\n\n內用限定套餐：\n沙鍋魚肉、雞肉飯/滷肉飯、阿里山冷泡茶', '林聰明沙鍋魚頭', '嘉義市東區中正路361號', '2022-11-01', '2022-11-01', '2023-02-28', 99, 999, 'A、B 套餐可接受至多 2 人共同食用。\n\n請以每套餐最多使用的人數入場，若同行友人超過套餐的至多食用人數，並未購買 KKday 套餐，為了現場旅客權益，不得一同快速通關，請根據現場排隊的順序。\n\n外帶限定套餐僅限旅客兌換後外帶。為讓客人享用新鮮製作之餐食，餐點將在旅客出示憑證後方進行烹煮，製作時間需10~20分鐘，敬請耐心等候。\n\n兌換使用依據頁面限定的時間進場，不得任意變動。', '', 5, '南區', '嘉義市', '美食', '餐廳'),
(66, 'firm008', '台灣嘉義｜嘉義大學組合套票｜昆蟲館・咖啡學園', 150, '嘉義大學組合套票', '－景點介紹－\n\n\n嘉大昆蟲館\n嘉大昆蟲館為全台最具規模的昆蟲博物館，於此可見藝術與昆蟲的結合，並創造實際接觸昆蟲生態的場域，館內共分為義大利國寶級模型師打造的昆蟲模型、旋轉彩蝶柱、國內 / 外昆蟲標本展示區、水生活體昆蟲、蝴蝶溫室花園等。其中，最具亮點的為超大型半球體蝴蝶溫室花園，花園內每月復育近千隻蝴蝶，漫步在優美的田園造景中，體驗與蝶共舞之美，豐富的花卉和飛瀑造景讓整體氛圍更上一層樓。\n\n\n\n嘉大咖啡學園\n嘉大咖啡學園，規劃「手工烘培咖啡體驗區」、「嘉南特產區」、「嘉大人特區」、「檜意精品」等四大區。提供家常風味餐、精緻點心及咖啡茶飲，並結合嘉南地區最優質農產品販售。伴著嘉大昆蟲館與校園豐富資源，提供民眾情境體驗與知識導覽，形成一個休閒遊憩的絕佳場所。\n\n\n\n餐食方案（菜單詳見圖文說明）\n主餐套票：NT$ 300 元主餐＆飲料任選\n下午茶套票：鬆餅 / 炸物各 1 ＆飲料任選', '嘉大昆蟲館', '嘉義市東區學府路 300 號', '2022-11-01', '2022-11-01', '2023-02-28', 99, 999, '嘉大昆蟲館活體區解說時間，平日為兩個場次：11:30 / 14:30；假日為五個場次：10:00 / 11:30 / 13:00 / 14:30 / 16:00。一場約 40 分鐘，若有更動以現場實際情況為主，', '', 5, '南區', '嘉義市', '景點', '觀光景點'),
(67, 'firm008', '嘉義雞肉飯 | 劉里長雞肉飯', 190, '雞肉飯全餐', '－ 行程特色 －\n\n・嘉義必吃雞肉飯，多種菜色任君挑選\n・肉軟嫩多汁，淋上濃郁雞香的雞汁，等你來品嘗\n・KKday精選套餐，線上下單95折！（限店內用餐使用，外帶需補差額）\n\n－ 使用說明 －\n\n・營業時間：07:00–14:30、17:00–19:30 (當日餐點如售完將提早休息)，週一公休\n・地址：嘉義市東區公明路197號\n・兌換方式：現場出示KKday憑證，供現場工作人員核對名單\n・餐廳將依照現場狀況安排用餐座位，不接受指定特定座位\n\n－ 店家介紹 －\n\n・劉耀聰里長的雞肉飯自民國61年至今飄香四十餘年\n・晚上也有賣不用怕撲空！鮮嫩的雞肉片份量多多\n・入選2018百大心水餐廳，在地難得的好味道\n\n－ 方案介紹 －\n\n2022雙人套餐：雞絲份1份＋雞肉片飯1份＋花椰菜1份＋油豆腐1份＋荷包蛋2顆＋味增湯1碗＋蝦仁湯1碗\n\n若套餐食材在當日販售完畢，店家會替換相同價值的品項\n\n－ 重要資訊 －\n\n・若現場發現訂購之套餐與人數不符，店家有權不接受該訂單之訂位並無法要求退款\n・餐廳將依照現場狀況安排用餐座位，不接受指定特定座位\n・請於出發前再三確認憑證上之用餐地址，資訊與憑證不符者，將無法兌換餐點，敬請留意\n・此優惠票券，無法退費，敬請見諒', '劉里長雞肉飯', '嘉義市東區公明路197號', '2022-11-01', '2022-11-01', '2023-02-28', 99, 999, '餐廳將依照現場狀況安排用餐座位，不接受指定特定座位\n\n營業時間：07:00–14:30、17:00–19:30 (當日餐點如售完將提早休息)，週一公休\n\n請於出發前再三確認憑證上之用餐地址，資訊與憑證不符者，將無法兌換餐點，敬請留意\n\n請依照實際人數選購優惠套餐，若現場發現訂購之套餐與人數不符，店家有權不接受該訂單並無法要求退款\n\n此優惠票券，無法退費，敬請見諒\n\n若套餐食材在當日販售完畢，店家會替換相同價值的品項\n\n此優惠價格僅限內用餐點，如改外帶需補差額。', '', 4, '南區', '嘉義市', '美食', '餐廳'),
(68, 'firm008', '基隆｜潮境智能海洋館門票', 250, '潮境智能海洋館門票全票', '－景點介紹－\n\n景點名稱：潮境智能海洋館\n營業時間：09:00 - 17:00（六月 - 八月例假日及城市博覽會期間延長營業至18:00）\n地址：基隆市中正區北寧路369巷61號\n\n\n\n－景點特色－\n\n北北基首座以海洋生物、科技發展虛實整合的「潮境智能海洋館」（IOcean）即將在2022年3月正式開幕，屆時不只可以欣賞海底生態的直播 LIVE，看到 350 種不同的魚類，還可以透過VR海底隧道沉浸在海洋故事當中。 位在基隆、由國立海洋科技博物館規劃的「潮境智能海洋館」，內部以蛋型樓梯串連館內各樓層，牆面打上燈光、彩繪與數位 Live 科技，展館1樓還有大面電視牆，營造宛如深海般的空間。\n潮境智能海洋館分為【A主展區】、【B互動體驗休憩區】、【C海洋中心】、【D商店區】。', '潮境智能海洋館', '基隆市中正區北寧路369巷61號', '2022-11-01', '2022-11-01', '2023-02-28', 99, 999, '', '', 5, '北區', '基隆市', '景點', '觀光景點'),
(69, 'firm008', '和平島公園電子門票', 120, '和平島公園電子門票', '－ 公園介紹 －\n\n和平島，台灣最近的離島，距離本島僅70公尺，和平島公園內擁有 2300 萬年前壯觀地質美景及豐富生態、園區內設有能與魚兒共遊的天然海水游泳池、擁有無邊際海景的環山步道、阿拉寶秘境更被外媒評選為「全球 21 個最美日出觀景點」之一；致力於推動台灣永續旅遊發展，每年提撥總營業額 3％ 作為「永續基金」以持續推動學術研究、環境教育推廣等 ESG 永續性事務。更於 2020 年獲得英國國家標準機構 (BSI) 頒發「ISO 20121 永續 活動管理系統」認證，成為亞洲第一個取得認證的國家級景點。\n＊更多園區資訊\n\n－ 票券介紹 －\n\n規格說明：\n全票：一般遊客\n學生票：6 歲 ~ 12 歲之學童／國中、高中、大學、研究所在學學生；查驗證件 (學生證)\n敬老票：年滿 65 歲以上長者 (不限國籍) ；查驗證件 (身分證／護照／健保卡)\n基隆市民：持有基隆市民證明文件者 (除中正區 )；查驗證件 (身分證)\n免票資格：(優惠票種皆須主動出示證明文件，票券使用後一概不得退票)\n・未滿 6 歲之幼童\n・基隆市志願服務榮譽卡之志工（其他縣市服務榮譽卡之志工皆為半票）\n・身心障礙手冊及必要陪伴者一人\n・基隆市中正區市民本人\n・導遊司機領隊從業人員\n為提供更完善及優質的服務，和平島公園門票自 111 年 10 月 1 日起全面調整票價如下：\n・全票 NT$80 ➜ NT$120\n・優待票種 NT$40 ➜ NT$60\n・基隆市民 NT$60 ➜ NT$90（本年度維持 NT$60）\n・基隆市中正區居民 ➜ 維持免票入園\n為配合調整票價順利，於 111 年 10 月 1 日至 111 年 12 月 31 日，購買全票者，可獲得 NT$40 園區消費抵用券；購買優待票種／基隆市民者，可獲得 NT$20 園區消費抵用券。(此抵用券僅限於遊客中心 1 樓島嶼物社使用)\n\n— 店家介紹 —\n\n海玻璃手作DIY｜慢島旅 - 透過旅行，同時履行環境友善的理念。我們推出隨到隨玩，履行友善海洋的海玻璃手作DIY，將本來是廢棄物的海玻璃，做成美麗的相框藝術擺飾，來一場海洋療癒的手作之旅。\n二樓小嶼｜位於遊客中心2樓，擁有景觀大平台的二樓小嶼。放眼望去與基隆嶼相鄰，親切的老闆精心為旅人製作了可口的輕食和飲品，盡情地享用無負擔的美食和無盡的海景吧！\n樂品喜塘｜位於遊客中心3樓，使用世界咖啡冠軍-吳則霖烘調咖啡豆,供應獨家手工糕點。\n樂享生活品味，高貴，來自氣質與品味。匯聚幸福喜事，所有幸福喜事都可以在我們的戶外海景場地發生。\n雷達站CAFÉ\'｜雷達站咖啡融入和平島海水的藍、美麗的日出和夕陽景色，同時利用活潑的色彩讓迷彩外觀更有趣、更有設計感；室內空間則以輕工業風打造，讓雷達站有了全新面貌。此外，這裡屬於和平島的制高點，因此在咖啡廳可以享受270度的無敵海景。', '基隆和平島公園', '基隆市中正區平一路360號', '2022-11-01', '2022-11-01', '2023-02-28', 99, 999, '同一筆訂單須同時入園；門票於使用當天可以重複進園。\n\n持用優待票者（長者、學生、基隆市民），請於入場驗票時主動出示證明文件，以供查驗。未依規定使用優待票者，以全票票價補票。\n\n免票資格：0 - 5 歲之幼童、基隆市志願服務榮譽卡之志工、身心障礙手冊及必要陪伴者一人、基隆市中正區市民本人、導遊司機領隊從業人員，請於入場驗票時主動出示證明文件，以供查驗。未依規定使用優待票者，以全票票價補票。\n\n園區停車場須收費，入場時為車牌自動辨識系統，於離開前至自動繳費機輸入車牌後繳費 。\n\n假日遊客眾多，公園停車場車位有限，建議提早出門避開尖峰時段。\n\n如公園車位已滿，可以停至和平島周邊停車場，歡迎多加利用大眾交通工具一起愛地球！​\n\n藍海水池為天然海水池，水深至2.5公尺；親親水池水深約60公分，孩童戲水時，請家長陪同入池。\n\n戶外水池休息時間以現場公告為準，如遇大浪或不可抗力之因素，本公園將關閉戶外水池，請配合安全維護人員指揮上岸。\n\n請勿拋棄廢棄物及環境汙染之物品，並維護自然生態，請勿採捕生物、攜帶漁網漁具。\n\n入戶外水池前請先做暖身操，因水深請斟酌泳技及健康狀況，如身體不適或具傳染疾病者請勿入池。\n\n如未經園方同意，請勿從戶外水池區域範圍進入外海。\n\n主辦單位保留最終核准與否及活動變更／修改或終止本活動之權力，恕不另行通知。\n\n為配合調整票價順利，於 111 年 10 月 1 日至 111 年 12 月 31 日，購買全票者，可獲得 NT$40 園區消費抵用券；購買優待票種／基隆市民者，可獲得 NT$20 園區消費抵用券。(此抵用券僅限於遊客中心 1 樓島嶼物社使用)', '', 5, '北區', '基隆市', '景點', '觀光景點'),
(70, 'firm008', '基隆租機車 | 基隆火車站取車 | MOBER 威力租車 X tournii', 500, '當日租還優惠', '－ 方案內容 －\n\n車輛出租時間： 一至日 8:30 - 20:00\n必要證件： 普通重型機車駕照，以及身份證或健保卡\n租借條件 需年滿18歲 \n\n－ 營業地點資訊 －\n\n營業地點名稱： MOBER 威力租車 X tournii\n地址： 基隆市中山區中山一路91號 (基隆中山一路停車場)\n電話號碼： 0800-055-058\n營業時間： 一至日 8:30 - 20:00', 'MOBER 威力租車 X tournii(基隆中山一路停車場)', '基隆市中山區中山一路91號', '2022-11-01', '2022-11-01', '2023-02-28', 99, 999, '所有車款皆限制於基隆地區使用\n租機車以24小時計算，如需延時還車，請於原還車時間3小時前致電車行。超過5小時以一天計算，連續假期、年節假日超時費，收費將依現場而定。\nGogoro承租 - 超過優惠里程上限，將依 Gogoro官方商用資費$2.5/KM 收費。\n機車出租費用不包含油資，承租人請自行至加油站添加;歸還油量之規定，依現場而定。\n承租車輛若發生意外事故、損毀、失竊或其他肇事等事件時，請保持現場並立即報警備案，切勿與對方私下和解，並立即通知租車行協助處理，否則將須負賠償責任。 非意外事故之情況，另需負擔營業損失依表定之費率計費。\n應遵守租車保管及無損原則，如車輛內裝、設備及車體有明顯損傷或破壞，業者會針對該部分零件求償，費用一律以特約保養廠/ 原廠報價為主。\n外籍旅客欲租借，需持有互惠國有效之國際駕照且Ａ類欄位已蓋許可章。\n外籍旅客因國際駕照互惠國認證的問題，只提供免駕照的電動自行車，另請留意法令規定，免駕照電動車限乘一人。\n外籍人士請於訂單備註持有之必備證件及國籍，以便安排租車，並於出行期間攜帶備註之證件，以便租車行進行紀錄。\n承租人所出示之證件必須為本人所有，租用期間勿將機車轉借給他人使用，若有發生其他問題及相關爭議，租車行將針對承租人追究後續相關責任及賠償。', '', 5, '北區', '基隆市', '交通', '租車'),
(71, 'firm008', '馬祖船票 | 台馬之星．台馬輪', 900, '台馬之星 | 台馬輪 | 基隆往馬祖船票 (雙人床)', '－ 使用說明 －\n\n船班資訊：台馬之星 / 台馬輪\n船程時間：約 9 小時（視海相而定）\n使用期限：於指定日期、指定班次使用\n搭乘地點：\n- 基隆\n基隆港西二碼頭\n登船地點位在西岸旅客碼頭二樓，距離基隆火車北站約 50 公尺，無論搭乘火車、國光客運或大有巴士至終點站，均步行 5 分鐘以內可以抵達。\n\n-馬祖南竿\n南竿福澳港\n登船地點為福澳客運大樓，位在福澳港區，漁會大樓後方。附近有公車站牌，漁船碼頭外有排班計程車，提供交通服務。\n\n-馬祖東引\n東引中柱港\n登船地點為南澳中柱港。\n\n\n\n－ 票價適用規則 －\n\n成人票：12 歲（含）以上\n兒童票：3 歲 - 11 歲的兒童\n老人票：65 歲以上\n 嬰兒票：未滿 3 歲\n\n\n－ 航班時刻表－\n\n台馬之星以基隆為母港\n-單日航班為基隆->南竿->東引 (先馬後東)\n-雙日航班為基隆->東引->南竿 (先東後馬)\n\n基隆往馬祖\n-單日 22:00 基隆 > 07:00 南竿 > 11:30 東引\n-雙日 22:00 基隆 > 06:00 東引 > 08:30 南竿\n\n馬祖往基隆\n-單日 06:30 東引 > 09:30 南竿 > 17:00 基隆\n-雙日 09:30 南竿 > 12:00 東引 > 19:30 基隆\n\n\n－ 其他資訊 －\n\n為因應疫情指揮中心宣布維持疫情警戒標準至第二級，臺馬之星防疫措施如下:\n1.落實進入基隆港客運場站及搭乘臺馬輪、臺馬之星期間，必須全程佩戴口罩，未遵守者經勸導不聽者將依法開罰。\n2.臺馬輪/臺馬之星每航次清潔消毒。\n3.臺馬航線航線基隆至馬祖不可在「船上餐廳」用餐，馬祖返基隆則可以用餐，惟內用採梅花座用餐完畢須立即配載口罩。\n4.搭乘船舶應全面量測體溫，如有體溫異常(額溫>=37.5 度或耳溫 38 度，本公司得以拒絕提供運輸服務。\n5.依交通部指示，1 月 28 日起搭乘臺馬航線(基隆出發)臺馬之星/臺馬輪旅客須填寫健康聲明書，有症狀之旅客需進行快篩做業，快篩陽性者禁止搭船，並須至基隆署立醫院進行 PCR 檢查，請近期有發燒、咳嗽、打噴嚏等症狀之旅客避免搭乘大眾運輸系統。敬請旅客、鄉親全力配合落實防疫措施。\n', '基隆港西二碼頭', '基隆市仁愛區港西街16號18 號', '2022-11-01', '2022-11-01', '2023-02-28', 99, 999, '每位旅客最多可預訂六個床位（未滿三歲以下幼兒保險票除外），並需提供搭船旅客資料（含姓名、身分證字號、出生年月日）及聯絡人姓名與電話。\n\n旅客在電話訂位或現場購票時，若搭船旅客為 65 歲以上老人、孕婦、傷患、殘障、行動不便及需要照顧幼童者，請告知訂位人員或櫃台人員，以利安排下舖，給予方便。\n\n訂購加購乘車金套餐，台灣大車隊乘車金序號將於所選出發日前一日寄出電子憑證，請加以留意。\n\n訂購加購乘車金套餐，乘車金可使用有效期為兌換日起 5 天內有效，如因提前或延後兌換而導致乘車金無法使用將屬個人因素，不予以取消或退款。\n\n訂購加購乘車金套餐，使用車隊乘車金須先至台灣大車隊55688 APP將序號兌換至會員帳號(手機門號)內，並完成信用卡綁定後方可使用 (每次限用一張)。\n\n訂購加購乘車金套餐，如計程車車資超過乘車金面額，超過之金額會直接使用綁定的信用卡扣款。\n\n訂購加購乘車金套餐，乘車金序號無法兌換現金或找零，請一次抵用完畢，不可重複使用。\n\n訂購加購乘車金套餐，乘車金序號具唯一性，經 KKday 寄出乘車金憑證後不接受取消或返還，亦不可轉換為現金。\n\n訂購加購乘車金套餐，乘車金序號請自行妥善保管，如遭他人盜用，本券不再補發。\n\n訂購加購乘車金套餐，乘車金序號有效與否，以發行人票券系統所記錄之狀態為憑。\n\n訂購加購乘車金套餐，乘車金序號為有價證券，請勿擅自偽造、變造，以免觸犯刑責。\n\n訂購加購乘車金套餐，台灣大車隊單次搭乘僅能使用一個折扣金。\n\n訂購加購乘車金套餐，台灣大車隊乘車金序號折抵僅限使用55688 app叫車服務，路邊招攬計程車將無法使用。', '登船地點位在西岸旅客碼頭二樓，距離基隆火車北站約 50 公尺，無論搭乘火車、國光客運或大有巴士至終點站，均步行 5 分鐘以內可以抵達。', 5, '離島', '馬祖', '交通', '船票'),
(72, 'firm008', '馬祖民宿 | 日光春和 Dayspring | 南竿優質旅宿', 4500, '舒適雙人房 (兩小床)', '－ 住宿資訊 －\n\n地址：連江縣南竿鄉1-1號\n進房時間：15:00 以後\n退房時間：11:00 以前', 'DAYSPRING.日光春和(日光海岸)', '連江縣南竿鄉1-1號', '2022-11-01', '2022-11-01', '2023-02-28', 99, 999, '可向櫃檯借用望遠鏡、藍芽音響、手電筒於旅途使用。\n\n本館及房間內全面禁菸、檳榔。\n\n請勿大聲喧嘩，以免影響其他旅客住宿品質。\n\n貴重物品請隨身攜帶，恕本館不負保管責任。', '', 5, '離島', '馬祖', '住宿', '民宿'),
(73, 'firm008', '馬祖藍眼淚｜南竿北海坑道獨木舟體驗｜秘境坑道探險', 250, '南竿北海坑道獨木舟體驗', '－行程訊息－\n\n集合地點：馬祖南竿北海坑道\n行程場次：10：00 / 11：00 / 14：00 / 15：00\n體驗時間：約 30 分鐘 - 40 分鐘\n適合年齡：滿 14 歲之成人\n請務必提早20分鐘報到並聽取行前說明', '北海坑道', '連江縣南竿鄉', '2022-11-01', '2022-11-01', '2023-02-28', 99, 999, '活動全程應確實穿著救生衣，嚴禁脫下或解開扣環以維航行安全。\n\n請務必提早20分鐘報到並聽取行前說明', '', 5, '離島', '馬祖', '景點', '觀光景點');

-- --------------------------------------------------------

--
-- 資料表結構 `itemimg`
--

CREATE TABLE `itemimg` (
  `imgId` varchar(200) NOT NULL,
  `itemId` varchar(200) NOT NULL,
  `itemImgUrl` longblob NOT NULL,
  `imgLead` varchar(1) NOT NULL
) ENGINE=InnoDB DEFAULT CHARSET=utf16 COLLATE=utf16_unicode_ci;

--
-- 傾印資料表的資料 `itemimg`
--

INSERT INTO `itemimg` (`imgId`, `itemId`, `itemImgUrl`, `imgLead`) VALUES
(1, 1, 0x68747470733a2f2f696d6167652e6b6b6461792e636f6d2f76322f696d6167652f6765742f685f363530253243635f6669742f73312e6b6b6461792e636f6d2f70726f647563745f3132353734382f32303232303130333037313933385f3854534c792f706e67, '1'),
(2, 1, 0x68747470733a2f2f696d6167652e6b6b6461792e636f6d2f76322f696d6167652f6765742f775f393630253243635f666974253243715f3535253243745f776562702f73312e6b6b6461792e636f6d2f70726f647563745f3132353734382f32303232303130333037313934315f77347756592f706e67, '2'),
(3, 1, 0x68747470733a2f2f696d6167652e6b6b6461792e636f6d2f76322f696d6167652f6765742f685f363530253243635f6669742f73312e6b6b6461792e636f6d2f70726f647563745f3132353734382f32303232303130333037323033345f35324e306f2f6a7067, '3'),
(4, 2, 0x68747470733a2f2f696d6167652e6b6b6461792e636f6d2f76322f696d6167652f6765742f685f363530253243635f6669742f73312e6b6b6461792e636f6d2f70726f647563745f363337302f32303232303832353038323834345f30525a4a342f6a7067, '1'),
(5, 2, 0x68747470733a2f2f696d6167652e6b6b6461792e636f6d2f76322f696d6167652f6765742f685f363530253243635f6669742f73312e6b6b6461792e636f6d2f70726f647563745f363337302f32303232313031333036333635345f4a656d705a2f6a7067, '2'),
(6, 2, 0x68747470733a2f2f696d6167652e6b6b6461792e636f6d2f76322f696d6167652f6765742f685f363530253243635f6669742f73312e6b6b6461792e636f6d2f70726f647563745f363337302f32303232303132323032333734315f6d7a4854612f6a7067, '3'),
(7, 3, 0x68747470733a2f2f696d6167652e6b6b6461792e636f6d2f76322f696d6167652f6765742f685f363530253243635f6669742f73312e6b6b6461792e636f6d2f70726f647563745f32333734312f32303231303230353032313032325f36533763382f6a7067, '1'),
(8, 3, 0x68747470733a2f2f696d6167652e6b6b6461792e636f6d2f76322f696d6167652f6765742f685f363530253243635f6669742f73312e6b6b6461792e636f6d2f70726f647563745f32333734312f32303231313230333133343032395f30676b75732f6a7067, '2'),
(9, 3, 0x68747470733a2f2f696d6167652e6b6b6461792e636f6d2f76322f696d6167652f6765742f685f363530253243635f6669742f73312e6b6b6461792e636f6d2f70726f647563745f32333734312f32303231313230333133343032385f62743250482f6a7067, '3'),
(10, 4, 0x68747470733a2f2f696d6167652e6b6b6461792e636f6d2f76322f696d6167652f6765742f685f363530253243635f6669742f73312e6b6b6461792e636f6d2f70726f647563745f3130323331382f32303230303932313036313630335f397a574c592f706e67, '1'),
(11, 4, 0x68747470733a2f2f696d6167652e6b6b6461792e636f6d2f76322f696d6167652f6765742f685f363530253243635f6669742f73312e6b6b6461792e636f6d2f70726f647563745f3130323331382f32303230303932313036313934355f7a6c4d4a762f6a7067, '2'),
(12, 4, 0x68747470733a2f2f696d6167652e6b6b6461792e636f6d2f76322f696d6167652f6765742f685f363530253243635f6669742f73312e6b6b6461792e636f6d2f70726f647563745f3130323331382f32303230303932313036313631345f3956555a4d2f6a7067, '3'),
(13, 5, 0x68747470733a2f2f696d6167652e6b6b6461792e636f6d2f76322f696d6167652f6765742f685f363530253243635f6669742f73312e6b6b6461792e636f6d2f70726f647563745f31393834372f32303138303833303037323334305f37685569352f6a7067, '1'),
(14, 5, 0x68747470733a2f2f696d6167652e6b6b6461792e636f6d2f76322f696d6167652f6765742f685f363530253243635f6669742f73312e6b6b6461792e636f6d2f70726f647563745f31393834372f32303138303833303037323530395f4a517547512f6a7067, '2'),
(15, 5, 0x68747470733a2f2f696d6167652e6b6b6461792e636f6d2f76322f696d6167652f6765742f685f363530253243635f6669742f73312e6b6b6461792e636f6d2f70726f647563745f31393834372f32303138303833303035313232385f76576e77572f6a7067, '3'),
(16, 6, 0x68747470733a2f2f696d6167652e6b6b6461792e636f6d2f76322f696d6167652f6765742f685f363530253243635f6669742f73312e6b6b6461792e636f6d2f70726f647563745f3130323934392f32303231303231383032313930345f6c67496f442f6a7067, '1'),
(17, 6, 0x68747470733a2f2f696d6167652e6b6b6461792e636f6d2f76322f696d6167652f6765742f685f363530253243635f6669742f73312e6b6b6461792e636f6d2f70726f647563745f3130323934392f32303231303231383032313930335f737745336a2f6a7067, '2'),
(18, 6, 0x68747470733a2f2f696d6167652e6b6b6461792e636f6d2f76322f696d6167652f6765742f685f363530253243635f6669742f73312e6b6b6461792e636f6d2f70726f647563745f3130323934392f32303230303832363038343535335f427a3364372f6a7067, '3'),
(19, 7, 0x68747470733a2f2f696d6167652e6b6b6461792e636f6d2f76322f696d6167652f6765742f685f363530253243635f6669742f73312e6b6b6461792e636f6d2f70726f647563745f3132343234362f32303231313131383037353734375f4f597731512f6a7067, '1'),
(20, 7, 0x68747470733a2f2f696d6167652e6b6b6461792e636f6d2f76322f696d6167652f6765742f685f363530253243635f6669742f73312e6b6b6461792e636f6d2f70726f647563745f3132343234362f32303231313132333037323131335f6b517a616a2f6a7067, '2'),
(21, 7, 0x68747470733a2f2f696d6167652e6b6b6461792e636f6d2f76322f696d6167652f6765742f685f363530253243635f6669742f73312e6b6b6461792e636f6d2f70726f647563745f3132343234362f32303231313132333037323132385f66306446772f6a7067, '3'),
(22, 8, 0x68747470733a2f2f696d6167652e6b6b6461792e636f6d2f76322f696d6167652f6765742f685f363530253243635f6669742f73312e6b6b6461792e636f6d2f70726f647563745f32333238362f32303230303732303036323635395f6b614e6a412f6a7067, '1'),
(23, 8, 0x68747470733a2f2f696d6167652e6b6b6461792e636f6d2f76322f696d6167652f6765742f685f363530253243635f6669742f73312e6b6b6461792e636f6d2f70726f647563745f32333238362f32303231303333313130303531385f726f4559372f6a7067, '2'),
(24, 8, 0x68747470733a2f2f696d6167652e6b6b6461792e636f6d2f76322f696d6167652f6765742f685f363530253243635f6669742f73312e6b6b6461792e636f6d2f70726f647563745f32333238362f32303231303333313130303531385f726f4559372f6a7067, '3'),
(25, 9, 0x68747470733a2f2f696d6167652e6b6b6461792e636f6d2f76322f696d6167652f6765742f685f363530253243635f6669742f73312e6b6b6461792e636f6d2f70726f647563745f3131363432352f32303231303330393033343835365f38454453752f6a7067, '1'),
(26, 9, 0x68747470733a2f2f696d6167652e6b6b6461792e636f6d2f76322f696d6167652f6765742f685f363530253243635f6669742f73312e6b6b6461792e636f6d2f70726f647563745f3131363432352f32303231303330393033343835345f6a327970342f706e67, '2'),
(27, 9, 0x68747470733a2f2f696d6167652e6b6b6461792e636f6d2f76322f696d6167652f6765742f685f363530253243635f6669742f73312e6b6b6461792e636f6d2f70726f647563745f3131363432352f32303231303330393033343835345f6f57516e522f6a7067, '3'),
(28, 10, 0x68747470733a2f2f696d6167652e6b6b6461792e636f6d2f76322f696d6167652f6765742f685f363530253243635f6669742f73312e6b6b6461792e636f6d2f70726f647563745f3131383931392f32303231303431393037323830315f63786163552f706e67, '1'),
(29, 10, 0x68747470733a2f2f696d6167652e6b6b6461792e636f6d2f76322f696d6167652f6765742f685f363530253243635f6669742f73312e6b6b6461792e636f6d2f70726f647563745f3131383931392f32303231303431393037323732305f41616a37472f706e67, '2'),
(30, 10, 0x68747470733a2f2f696d6167652e6b6b6461792e636f6d2f76322f696d6167652f6765742f685f363530253243635f6669742f73312e6b6b6461792e636f6d2f70726f647563745f3131383931392f32303231303431393037323830305f666a4471592f706e67, '3'),
(31, 11, 0x68747470733a2f2f696d6167652e6b6b6461792e636f6d2f76322f696d6167652f6765742f685f363530253243635f6669742f73312e6b6b6461792e636f6d2f70726f647563745f3131363934392f32303231303430373133353033335f61354d74702f6a7067, '1'),
(32, 11, 0x68747470733a2f2f696d6167652e6b6b6461792e636f6d2f76322f696d6167652f6765742f685f363530253243635f6669742f73312e6b6b6461792e636f6d2f70726f647563745f3131363934392f32303231303430373133353334385f466d3863772f706e67, '2'),
(33, 11, 0x68747470733a2f2f696d6167652e6b6b6461792e636f6d2f76322f696d6167652f6765742f685f363530253243635f6669742f73312e6b6b6461792e636f6d2f70726f647563745f3131363934392f32303231303332353037333331335f4970736f612f706e67, '3'),
(34, 12, 0x68747470733a2f2f696d6167652e6b6b6461792e636f6d2f76322f696d6167652f6765742f685f363530253243635f6669742f73312e6b6b6461792e636f6d2f70726f647563745f3132333131382f32303231303932333038323930375f71357a34622f6a7067, '1'),
(35, 12, 0x68747470733a2f2f696d6167652e6b6b6461792e636f6d2f76322f696d6167652f6765742f685f363530253243635f6669742f73312e6b6b6461792e636f6d2f70726f647563745f3132333131382f32303231303932333038323932395f6e6944364f2f6a7067, '2'),
(36, 12, 0x68747470733a2f2f696d6167652e6b6b6461792e636f6d2f76322f696d6167652f6765742f685f363530253243635f6669742f73312e6b6b6461792e636f6d2f70726f647563745f3132333131382f32303231303932333038323933345f504f634e412f6a7067, '3'),
(37, 13, 0x68747470733a2f2f696d6167652e6b6b6461792e636f6d2f76322f696d6167652f6765742f685f363530253243635f6669742f73312e6b6b6461792e636f6d2f70726f647563745f32333633382f32303230313033303034333930375f653237654b2f6a7067, '1'),
(38, 13, 0x68747470733a2f2f696d6167652e6b6b6461792e636f6d2f76322f696d6167652f6765742f685f363530253243635f6669742f73312e6b6b6461792e636f6d2f70726f647563745f32333633382f32303230313033303034333930365f435269556f2f6a7067, '2'),
(39, 13, 0x68747470733a2f2f696d6167652e6b6b6461792e636f6d2f76322f696d6167652f6765742f685f363530253243635f6669742f73312e6b6b6461792e636f6d2f70726f647563745f32333633382f32303230313033303034333930355f33573477322f6a7067, '3'),
(40, 14, 0x68747470733a2f2f696d6167652e6b6b6461792e636f6d2f76322f696d6167652f6765742f685f363530253243635f6669742f73312e6b6b6461792e636f6d2f70726f647563745f32333634332f32303139303530323039353532345f7a717a797a2f6a7067, '1'),
(41, 14, 0x68747470733a2f2f696d6167652e6b6b6461792e636f6d2f76322f696d6167652f6765742f685f363530253243635f6669742f73312e6b6b6461792e636f6d2f70726f647563745f32333634332f32303139303530323039353531305f534f5434672f6a7067, '2'),
(42, 14, 0x68747470733a2f2f696d6167652e6b6b6461792e636f6d2f76322f696d6167652f6765742f685f363530253243635f6669742f73312e6b6b6461792e636f6d2f70726f647563745f32333634332f32303139303530323039353531305f534f5434672f6a7067, '3'),
(43, 15, 0x68747470733a2f2f696d6167652e6b6b6461792e636f6d2f76322f696d6167652f6765742f685f363530253243635f6669742f73312e6b6b6461792e636f6d2f70726f647563745f3130353732372f32303231303430373037313731385f34685339502f6a7067, '1'),
(44, 15, 0x68747470733a2f2f696d6167652e6b6b6461792e636f6d2f76322f696d6167652f6765742f685f363530253243635f6669742f73312e6b6b6461792e636f6d2f70726f647563745f3130353732372f32303230313132303036303031335f6c416c42622f6a7067, '2'),
(45, 15, 0x68747470733a2f2f696d6167652e6b6b6461792e636f6d2f76322f696d6167652f6765742f685f363530253243635f6669742f73312e6b6b6461792e636f6d2f70726f647563745f3130353732372f32303231303430373037313731375f59537339382f6a7067, '3'),
(46, 16, 0x68747470733a2f2f696d6167652e6b6b6461792e636f6d2f76322f696d6167652f6765742f685f363530253243635f6669742f73312e6b6b6461792e636f6d2f70726f647563745f3130323436372f32303230303932333039323334325f7365376a782f6a7067, '1'),
(47, 16, 0x68747470733a2f2f696d6167652e6b6b6461792e636f6d2f76322f696d6167652f6765742f685f363530253243635f6669742f73312e6b6b6461792e636f6d2f70726f647563745f3130323436372f32303230303831323036313335335f4e323937772f6a7067, '2'),
(48, 16, 0x68747470733a2f2f696d6167652e6b6b6461792e636f6d2f76322f696d6167652f6765742f685f363530253243635f6669742f73312e6b6b6461792e636f6d2f70726f647563745f3130323436372f32303230303831323036313331305f35527932412f6a7067, '3'),
(49, 17, 0x68747470733a2f2f696d6167652e6b6b6461792e636f6d2f76322f696d6167652f6765742f685f363530253243635f6669742f73312e6b6b6461792e636f6d2f70726f647563745f3132323031392f32303231303831323130323635365f62775442462f6a7067, '1'),
(50, 17, 0x68747470733a2f2f696d6167652e6b6b6461792e636f6d2f76322f696d6167652f6765742f685f363530253243635f6669742f73312e6b6b6461792e636f6d2f70726f647563745f3132323031392f32303231303831323038323435355f38664e486c2f6a7067, '2'),
(51, 17, 0x68747470733a2f2f696d6167652e6b6b6461792e636f6d2f76322f696d6167652f6765742f685f363530253243635f6669742f73312e6b6b6461792e636f6d2f70726f647563745f3132323031392f32303231303831323038313234375f78304c64592f6a7067, '3'),
(52, 18, 0x68747470733a2f2f696d6167652e6b6b6461792e636f6d2f76322f696d6167652f6765742f685f363530253243635f6669742f73312e6b6b6461792e636f6d2f70726f647563745f3131333737382f32303232303430363039353832305f565070614f2f6a7067, '1'),
(53, 18, 0x68747470733a2f2f696d6167652e6b6b6461792e636f6d2f76322f696d6167652f6765742f685f363530253243635f6669742f73312e6b6b6461792e636f6d2f70726f647563745f3131333737382f32303231313030313130323534355f58306e6b712f6a7067, '2'),
(54, 18, 0x68747470733a2f2f696d6167652e6b6b6461792e636f6d2f76322f696d6167652f6765742f685f363530253243635f6669742f73312e6b6b6461792e636f6d2f70726f647563745f3131333737382f32303231313030313130323534385f5a445546772f6a7067, '3'),
(55, 19, 0x68747470733a2f2f696d6167652e6b6b6461792e636f6d2f76322f696d6167652f6765742f685f363530253243635f6669742f73312e6b6b6461792e636f6d2f70726f647563745f3130303436372f32303230303532363032333435335f75784d64572f706e67, '1'),
(56, 19, 0x68747470733a2f2f696d6167652e6b6b6461792e636f6d2f76322f696d6167652f6765742f685f363530253243635f6669742f73312e6b6b6461792e636f6d2f70726f647563745f3130303436372f32303230303532363032333435365f65627332662f706e67, '2'),
(57, 19, 0x68747470733a2f2f696d6167652e6b6b6461792e636f6d2f76322f696d6167652f6765742f685f363530253243635f6669742f73312e6b6b6461792e636f6d2f70726f647563745f3130303436372f32303230303532363032333435335f75784d64572f706e67, '3'),
(58, 20, 0x68747470733a2f2f696d6167652e6b6b6461792e636f6d2f76322f696d6167652f6765742f685f363530253243635f6669742f73312e6b6b6461792e636f6d2f70726f647563745f33313437362f32303230313131383033343432345f674c6632372f6a7067, '1'),
(59, 20, 0x68747470733a2f2f696d6167652e6b6b6461792e636f6d2f76322f696d6167652f6765742f685f363530253243635f6669742f73312e6b6b6461792e636f6d2f70726f647563745f33313437362f32303230313131383033343432365f6f77707a772f6a7067, '2'),
(60, 20, 0x68747470733a2f2f696d6167652e6b6b6461792e636f6d2f76322f696d6167652f6765742f685f363530253243635f6669742f73312e6b6b6461792e636f6d2f70726f647563745f33313437362f32303230313032383033333830365f48624145752f6a7067, '3'),
(61, 21, 0x68747470733a2f2f696d6167652e6b6b6461792e636f6d2f76322f696d6167652f6765742f685f363530253243635f6669742f73312e6b6b6461792e636f6d2f70726f647563745f3130343632372f32303230313032383034303630385f343872796b2f6a7067, '1'),
(62, 21, 0x68747470733a2f2f696d6167652e6b6b6461792e636f6d2f76322f696d6167652f6765742f685f363530253243635f6669742f73312e6b6b6461792e636f6d2f70726f647563745f3130343632372f32303230313032383034303630385f516f76394d2f6a7067, '2'),
(63, 21, 0x68747470733a2f2f696d6167652e6b6b6461792e636f6d2f76322f696d6167652f6765742f685f363530253243635f6669742f73312e6b6b6461792e636f6d2f70726f647563745f3130343632372f32303230313032383034303630395f514d6361582f6a7067, '3'),
(64, 22, 0x68747470733a2f2f696d6167652e6b6b6461792e636f6d2f76322f696d6167652f6765742f685f363530253243635f6669742f73312e6b6b6461792e636f6d2f70726f647563745f3132333236352f32303232303130333037353235305f30434654572f6a7067, '1'),
(65, 22, 0x68747470733a2f2f696d6167652e6b6b6461792e636f6d2f76322f696d6167652f6765742f685f363530253243635f6669742f73312e6b6b6461792e636f6d2f70726f647563745f3132333236352f32303232303130333037353234395f6e486f52692f6a7067, '2'),
(66, 22, 0x68747470733a2f2f696d6167652e6b6b6461792e636f6d2f76322f696d6167652f6765742f685f363530253243635f6669742f73312e6b6b6461792e636f6d2f70726f647563745f3132333236352f32303232303130333037353234385f65307535762f6a7067, '3'),
(67, 23, 0x68747470733a2f2f696d6167652e6b6b6461792e636f6d2f76322f696d6167652f6765742f685f363530253243635f6669742f73312e6b6b6461792e636f6d2f70726f647563745f3131363836312f32303231303332333033343430315f47525556302f6a7067, '1'),
(68, 23, 0x68747470733a2f2f696d6167652e6b6b6461792e636f6d2f76322f696d6167652f6765742f685f363530253243635f6669742f73312e6b6b6461792e636f6d2f70726f647563745f3131363836312f32303231303332333033343430325f4234646f312f6a7067, '2'),
(69, 23, 0x68747470733a2f2f696d6167652e6b6b6461792e636f6d2f76322f696d6167652f6765742f685f363530253243635f6669742f73312e6b6b6461792e636f6d2f70726f647563745f3131363836312f32303231303332333033343430335f636f4c73562f6a7067, '3'),
(70, 24, 0x68747470733a2f2f696d6167652e6b6b6461792e636f6d2f76322f696d6167652f6765742f685f363530253243635f6669742f73312e6b6b6461792e636f6d2f70726f647563745f3130323234372f32303232313130323037353930395f6a626c44642f706e67, '1'),
(71, 24, 0x68747470733a2f2f696d6167652e6b6b6461792e636f6d2f76322f696d6167652f6765742f685f363530253243635f6669742f73312e6b6b6461792e636f6d2f70726f647563745f3130323234372f32303230303830363034303931395f36436259772f6a7067, '2'),
(72, 24, 0x68747470733a2f2f696d6167652e6b6b6461792e636f6d2f76322f696d6167652f6765742f685f363530253243635f6669742f73312e6b6b6461792e636f6d2f70726f647563745f3130323234372f32303230303830363034313032375f3057664e472f6a7067, '3'),
(73, 25, 0x68747470733a2f2f696d6167652e6b6b6461792e636f6d2f76322f696d6167652f6765742f685f363530253243635f6669742f73312e6b6b6461792e636f6d2f70726f647563745f393436382f32303139303232353039313035375f71316534762f6a7067, '1'),
(74, 25, 0x68747470733a2f2f696d6167652e6b6b6461792e636f6d2f76322f696d6167652f6765742f685f363530253243635f6669742f73312e6b6b6461792e636f6d2f70726f647563745f393436382f32303232313130333036323333355f397046746a2f6a7067, '2'),
(75, 25, 0x68747470733a2f2f696d6167652e6b6b6461792e636f6d2f76322f696d6167652f6765742f685f363530253243635f6669742f73312e6b6b6461792e636f6d2f70726f647563745f393436382f32303232313032383035333432325f79455853432f6a7067, '3'),
(76, 26, 0x68747470733a2f2f696d6167652e6b6b6461792e636f6d2f76322f696d6167652f6765742f685f363530253243635f6669742f73312e6b6b6461792e636f6d2f70726f647563745f3132393530372f32303232303531373035323332335f35476469332f6a7067, '1'),
(77, 26, 0x68747470733a2f2f696d6167652e6b6b6461792e636f6d2f76322f696d6167652f6765742f685f363530253243635f6669742f73312e6b6b6461792e636f6d2f70726f647563745f3132393530372f32303232303531373033353632355f7a4a4655762f706e67, '2'),
(78, 26, 0x68747470733a2f2f696d6167652e6b6b6461792e636f6d2f76322f696d6167652f6765742f685f363530253243635f6669742f73312e6b6b6461792e636f6d2f70726f647563745f3132393530372f32303232303531373033353632315f6e787a32382f706e67, '3'),
(79, 27, 0x68747470733a2f2f696d6167652e6b6b6461792e636f6d2f76322f696d6167652f6765742f685f363530253243635f6669742f73312e6b6b6461792e636f6d2f70726f647563745f31333333382f32303137313130383038303334315f5a783278702f6a7067, '1'),
(80, 27, 0x68747470733a2f2f696d6167652e6b6b6461792e636f6d2f76322f696d6167652f6765742f685f363530253243635f6669742f73312e6b6b6461792e636f6d2f70726f647563745f31333333382f32303137313130383037353835345f4b4d6172732f6a7067, '2'),
(81, 27, 0x68747470733a2f2f696d6167652e6b6b6461792e636f6d2f76322f696d6167652f6765742f685f363530253243635f6669742f73312e6b6b6461792e636f6d2f70726f647563745f31333333382f32303137313130383037353932355f64703175382f6a7067, '3'),
(82, 28, 0x68747470733a2f2f696d6167652e6b6b6461792e636f6d2f76322f696d6167652f6765742f685f363530253243635f6669742f73312e6b6b6461792e636f6d2f70726f647563745f3133343730372f32303232313032303038323532315f5a4a474e742f6a7067, '1'),
(83, 28, 0x68747470733a2f2f696d6167652e6b6b6461792e636f6d2f76322f696d6167652f6765742f685f363530253243635f6669742f73312e6b6b6461792e636f6d2f70726f647563745f3133343730372f32303232313032303038323532325f53316d42332f6a7067, '2'),
(84, 28, 0x68747470733a2f2f696d6167652e6b6b6461792e636f6d2f76322f696d6167652f6765742f685f363530253243635f6669742f73312e6b6b6461792e636f6d2f70726f647563745f3133343730372f32303232313032303038323634355f4e643370532f6a7067, '3'),
(85, 29, 0x68747470733a2f2f696d6167652e6b6b6461792e636f6d2f76322f696d6167652f6765742f685f363530253243635f6669742f73312e6b6b6461792e636f6d2f70726f647563745f3132393535362f32303232303531383033353133375f3859566a762f6a7067, '1'),
(86, 29, 0x68747470733a2f2f696d6167652e6b6b6461792e636f6d2f76322f696d6167652f6765742f685f363530253243635f6669742f73312e6b6b6461792e636f6d2f70726f647563745f3132393535362f32303232303531383033343034325f6e6d486c722f6a7067, '2'),
(87, 29, 0x68747470733a2f2f696d6167652e6b6b6461792e636f6d2f76322f696d6167652f6765742f685f363530253243635f6669742f73312e6b6b6461792e636f6d2f70726f647563745f3132393535362f32303232303531383033353133355f59765454682f6a7067, '3'),
(88, 30, 0x68747470733a2f2f696d6167652e6b6b6461792e636f6d2f76322f696d6167652f6765742f685f363530253243635f6669742f73312e6b6b6461792e636f6d2f70726f647563745f3130303532372f32303230303532393037343030325f534e59594b2f6a7067, '1'),
(89, 30, 0x68747470733a2f2f696d6167652e6b6b6461792e636f6d2f76322f696d6167652f6765742f685f363530253243635f6669742f73312e6b6b6461792e636f6d2f70726f647563745f3130303532372f32303230303532373038303930315f7275484f702f6a7067, '2'),
(90, 30, 0x68747470733a2f2f696d6167652e6b6b6461792e636f6d2f76322f696d6167652f6765742f685f363530253243635f6669742f73312e6b6b6461792e636f6d2f70726f647563745f3130303532372f32303230303532373038303932365f4d515542362f6a7067, '3'),
(91, 31, 0x68747470733a2f2f696d6167652e6b6b6461792e636f6d2f76322f696d6167652f6765742f685f363530253243635f6669742f73312e6b6b6461792e636f6d2f70726f647563745f3130303032352f32303231303432333131333731395f464c644a4b2f6a7067, '1'),
(92, 31, 0x68747470733a2f2f696d6167652e6b6b6461792e636f6d2f76322f696d6167652f6765742f685f363530253243635f6669742f73312e6b6b6461792e636f6d2f70726f647563745f3130303032352f32303230303730383038313035355f52556635332f6a7067, '2'),
(93, 31, 0x68747470733a2f2f696d6167652e6b6b6461792e636f6d2f76322f696d6167652f6765742f685f363530253243635f6669742f73312e6b6b6461792e636f6d2f70726f647563745f3130303032352f32303231303432333131333731325f3157526c6c2f6a7067, '3'),
(94, 32, 0x68747470733a2f2f696d6167652e6b6b6461792e636f6d2f76322f696d6167652f6765742f685f363530253243635f6669742f73312e6b6b6461792e636f6d2f70726f647563745f3132383539312f32303232303432353034323433345f7873394f6a2f6a7067, '1'),
(95, 32, 0x68747470733a2f2f696d6167652e6b6b6461792e636f6d2f76322f696d6167652f6765742f685f363530253243635f6669742f73312e6b6b6461792e636f6d2f70726f647563745f3132383539312f32303232303432393036313731305f45483667522f6a7067, '2'),
(96, 32, 0x68747470733a2f2f696d6167652e6b6b6461792e636f6d2f76322f696d6167652f6765742f685f363530253243635f6669742f73312e6b6b6461792e636f6d2f70726f647563745f3132383539312f32303232303432393036313730395f737a67474b2f6a7067, '3'),
(97, 33, 0x68747470733a2f2f696d6167652e6b6b6461792e636f6d2f76322f696d6167652f6765742f685f363530253243635f6669742f73312e6b6b6461792e636f6d2f70726f647563745f32313236342f32303231303231373037343131365f33584f74482f6a7067, '1'),
(98, 33, 0x68747470733a2f2f696d6167652e6b6b6461792e636f6d2f76322f696d6167652f6765742f685f363530253243635f6669742f73312e6b6b6461792e636f6d2f70726f647563745f32313236342f32303231313232393130333331305f49384954482f6a7067, '2'),
(99, 33, 0x68747470733a2f2f696d6167652e6b6b6461792e636f6d2f76322f696d6167652f6765742f685f363530253243635f6669742f73312e6b6b6461792e636f6d2f70726f647563745f32313236342f32303139303131373130303334335f5a4a6d6e542f6a7067, '3'),
(100, 34, 0x68747470733a2f2f696d6167652e6b6b6461792e636f6d2f76322f696d6167652f6765742f685f363530253243635f6669742f73312e6b6b6461792e636f6d2f70726f647563745f3132383139322f32303232303431363132333232335f4b724370442f6a7067, '1'),
(101, 34, 0x68747470733a2f2f696d6167652e6b6b6461792e636f6d2f76322f696d6167652f6765742f685f363530253243635f6669742f73312e6b6b6461792e636f6d2f70726f647563745f3132383139322f32303232303431363132333232345f365a3768782f6a7067, '2'),
(102, 34, 0x68747470733a2f2f696d6167652e6b6b6461792e636f6d2f76322f696d6167652f6765742f685f363530253243635f6669742f73312e6b6b6461792e636f6d2f70726f647563745f3132383139322f32303232303431363132333231395f676c7039772f6a7067, '3'),
(103, 35, 0x68747470733a2f2f696d6167652e6b6b6461792e636f6d2f76322f696d6167652f6765742f685f363530253243635f6669742f73312e6b6b6461792e636f6d2f70726f647563745f32333732392f32303232303131313031353530345f4b79626b572f6a7067, '1'),
(104, 35, 0x68747470733a2f2f696d6167652e6b6b6461792e636f6d2f76322f696d6167652f6765742f685f363530253243635f6669742f73312e6b6b6461792e636f6d2f70726f647563745f32333732392f32303232303131313031353733325f736d747a6d2f6a7067, '2'),
(105, 35, 0x68747470733a2f2f696d6167652e6b6b6461792e636f6d2f76322f696d6167652f6765742f685f363530253243635f6669742f73312e6b6b6461792e636f6d2f70726f647563745f32333732392f32303232303131313031353530325f5a5256504c2f6a7067, '3'),
(106, 36, 0x68747470733a2f2f696d6167652e6b6b6461792e636f6d2f76322f696d6167652f6765742f685f363530253243635f6669742f73312e6b6b6461792e636f6d2f70726f647563745f3132313632322f32303231303831303037333432355f684c5653372f6a7067, '1'),
(107, 36, 0x68747470733a2f2f696d6167652e6b6b6461792e636f6d2f76322f696d6167652f6765742f685f363530253243635f6669742f73312e6b6b6461792e636f6d2f70726f647563745f3132313632322f32303231303831303037333432325f3979536c592f6a7067, '2'),
(108, 36, 0x68747470733a2f2f696d6167652e6b6b6461792e636f6d2f76322f696d6167652f6765742f685f363530253243635f6669742f73312e6b6b6461792e636f6d2f70726f647563745f3132313632322f32303231303831303037333432375f5157495a572f6a7067, '3'),
(109, 37, 0x68747470733a2f2f696d6167652e6b6b6461792e636f6d2f76322f696d6167652f6765742f685f363530253243635f6669742f73312e6b6b6461792e636f6d2f70726f647563745f32383832382f32303232303131383033323231375f4c4a5662722f6a7067, '1'),
(110, 37, 0x68747470733a2f2f696d6167652e6b6b6461792e636f6d2f76322f696d6167652f6765742f685f363530253243635f6669742f73312e6b6b6461792e636f6d2f70726f647563745f32383832382f32303232303131383033323231395f426d7353512f6a7067, '2'),
(111, 37, 0x68747470733a2f2f696d6167652e6b6b6461792e636f6d2f76322f696d6167652f6765742f685f363530253243635f6669742f73312e6b6b6461792e636f6d2f70726f647563745f32383832382f32303232303131383033323232325f66625441372f6a7067, '3'),
(112, 38, 0x68747470733a2f2f696d6167652e6b6b6461792e636f6d2f76322f696d6167652f6765742f685f363530253243635f6669742f73312e6b6b6461792e636f6d2f70726f647563745f3131363633362f32303231303331363038303732385f70396645492f6a7067, '1'),
(113, 38, 0x68747470733a2f2f696d6167652e6b6b6461792e636f6d2f76322f696d6167652f6765742f685f363530253243635f6669742f73312e6b6b6461792e636f6d2f70726f647563745f3131363633362f32303232303932313131313334355f63716b4b762f6a7067, '2'),
(114, 38, 0x68747470733a2f2f696d6167652e6b6b6461792e636f6d2f76322f696d6167652f6765742f685f363530253243635f6669742f73312e6b6b6461792e636f6d2f70726f647563745f3131363633362f32303232303932313131313335305f59744f62452f6a7067, '3'),
(115, 39, 0x68747470733a2f2f696d6167652e6b6b6461792e636f6d2f76322f696d6167652f6765742f685f363530253243635f6669742f73312e6b6b6461792e636f6d2f70726f647563745f3130313837352f32303230303732343036353830375f6a54374c362f6a7067, '1'),
(116, 39, 0x68747470733a2f2f696d6167652e6b6b6461792e636f6d2f76322f696d6167652f6765742f685f363530253243635f6669742f73312e6b6b6461792e636f6d2f70726f647563745f3130313837352f32303230303732343036353930365f66786367442f706e67, '2'),
(117, 39, 0x68747470733a2f2f63632e747662732e636f6d2e74772f696d672f70726f6772616d2f75706c6f61642f323032322f30312f32352f32303232303132353134323931332d36343335346232632e6a7067, '3'),
(118, 40, 0x68747470733a2f2f696d6167652e6b6b6461792e636f6d2f76322f696d6167652f6765742f685f363530253243635f6669742f73312e6b6b6461792e636f6d2f70726f647563745f3132373131392f32303232303432393038333831315f41654552712f706e67, '1'),
(119, 40, 0x68747470733a2f2f696d6167652e6b6b6461792e636f6d2f76322f696d6167652f6765742f685f363530253243635f6669742f73312e6b6b6461792e636f6d2f70726f647563745f3132373131392f32303232303232323035343632325f45793337432f706e67, '2'),
(120, 40, 0x68747470733a2f2f696d6167652e6b6b6461792e636f6d2f76322f696d6167652f6765742f685f363530253243635f6669742f73312e6b6b6461792e636f6d2f70726f647563745f3132373131392f32303232303232323035343935305f576e6e444a2f706e67, '3'),
(121, 41, 0x68747470733a2f2f696d6167652e6b6b6461792e636f6d2f76322f696d6167652f6765742f685f363530253243635f6669742f73312e6b6b6461792e636f6d2f70726f647563745f383138392f32303136313032313033323135305f664c5957752f6a7067, '1'),
(122, 41, 0x68747470733a2f2f696d6167652e6b6b6461792e636f6d2f76322f696d6167652f6765742f685f363530253243635f6669742f73312e6b6b6461792e636f6d2f70726f647563745f383138392f32303232303530323130323730375f333073716d2f6a7067, '2'),
(123, 41, 0x68747470733a2f2f696d6167652e6b6b6461792e636f6d2f76322f696d6167652f6765742f685f363530253243635f6669742f73312e6b6b6461792e636f6d2f70726f647563745f383138392f32303136303532343034343130395f636a31684f2f706e67, '3'),
(124, 42, 0x68747470733a2f2f696d6167652e6b6b6461792e636f6d2f76322f696d6167652f6765742f685f363530253243635f6669742f73312e6b6b6461792e636f6d2f70726f647563745f3130303535342f32303230303532383039323335365f63784339622f6a7067, '1'),
(125, 42, 0x68747470733a2f2f696d6167652e6b6b6461792e636f6d2f76322f696d6167652f6765742f685f363530253243635f6669742f73312e6b6b6461792e636f6d2f70726f647563745f3130303535342f32303230303532383039323335385f374a516f572f6a7067, '2'),
(126, 42, 0x68747470733a2f2f696d6167652e6b6b6461792e636f6d2f76322f696d6167652f6765742f685f363530253243635f6669742f73312e6b6b6461792e636f6d2f70726f647563745f3130303535342f32303230303532383039323335345f38423557792f6a7067, '3'),
(127, 43, 0x68747470733a2f2f696d6167652e6b6b6461792e636f6d2f76322f696d6167652f6765742f685f363530253243635f6669742f73312e6b6b6461792e636f6d2f70726f647563745f3131383139362f32303231303430393035353034335f666a774d322f6a7067, '1'),
(128, 43, 0x68747470733a2f2f696d6167652e6b6b6461792e636f6d2f76322f696d6167652f6765742f685f363530253243635f6669742f73312e6b6b6461792e636f6d2f70726f647563745f3131383139362f32303231303430393035353034335f65477942782f6a7067, '2'),
(129, 43, 0x68747470733a2f2f696d6167652e6b6b6461792e636f6d2f76322f696d6167652f6765742f685f363530253243635f6669742f73312e6b6b6461792e636f6d2f70726f647563745f3131383139362f32303231303430393036333031385f72677156302f6a7067, '3'),
(130, 44, 0x68747470733a2f2f696d6167652e6b6b6461792e636f6d2f76322f696d6167652f6765742f685f363530253243635f6669742f73312e6b6b6461792e636f6d2f70726f647563745f3133353236392f32303232313130323033313232375f304d684f542f6a7067, '1'),
(131, 44, 0x68747470733a2f2f696d6167652e6b6b6461792e636f6d2f76322f696d6167652f6765742f685f363530253243635f6669742f73312e6b6b6461792e636f6d2f70726f647563745f3133353236392f32303232313130323033313232385f7a523434362f6a7067, '2'),
(132, 44, 0x68747470733a2f2f696d6167652e6b6b6461792e636f6d2f76322f696d6167652f6765742f685f363530253243635f6669742f73312e6b6b6461792e636f6d2f70726f647563745f3133353236392f32303232313130323033313233305f593552327a2f6a7067, '3'),
(133, 45, 0x68747470733a2f2f696d6167652e6b6b6461792e636f6d2f76322f696d6167652f6765742f685f363530253243635f6669742f73312e6b6b6461792e636f6d2f70726f647563745f3130303535372f32303230303532383130333330395f6a327977672f6a7067, '1'),
(134, 45, 0x68747470733a2f2f696d6167652e6b6b6461792e636f6d2f76322f696d6167652f6765742f685f363530253243635f6669742f73312e6b6b6461792e636f6d2f70726f647563745f3130303535372f32303230303532383130333634325f5a5361487a2f706e67, '2'),
(135, 45, 0x68747470733a2f2f696d6167652e6b6b6461792e636f6d2f76322f696d6167652f6765742f685f363530253243635f6669742f73312e6b6b6461792e636f6d2f70726f647563745f3130303535372f32303230303532383130333333395f5666456d752f6a7067, '3'),
(136, 46, 0x68747470733a2f2f696d6167652e6b6b6461792e636f6d2f76322f696d6167652f6765742f685f363530253243635f6669742f73312e6b6b6461792e636f6d2f70726f647563745f3132393434372f32303232303531373134353032345f71524f306b2f6a7067, '1'),
(137, 46, 0x68747470733a2f2f696d6167652e6b6b6461792e636f6d2f76322f696d6167652f6765742f685f363530253243635f6669742f73312e6b6b6461792e636f6d2f70726f647563745f3132393434372f32303232303531373134353033365f76656951702f6a7067, '2'),
(138, 46, 0x68747470733a2f2f696d6167652e6b6b6461792e636f6d2f76322f696d6167652f6765742f685f363530253243635f6669742f73312e6b6b6461792e636f6d2f70726f647563745f3132393434372f32303232303531373134353032395f4d6a326d472f6a7067, '3'),
(139, 47, 0x68747470733a2f2f696d6167652e6b6b6461792e636f6d2f76322f696d6167652f6765742f685f363530253243635f6669742f73312e6b6b6461792e636f6d2f70726f647563745f3132383137362f32303232303430313035343432355f4d494d59652f6a7067, '1'),
(140, 47, 0x68747470733a2f2f696d6167652e6b6b6461792e636f6d2f76322f696d6167652f6765742f685f363530253243635f6669742f73312e6b6b6461792e636f6d2f70726f647563745f3132383137362f32303232303430313035343432335f67426c34642f6a7067, '2'),
(141, 47, 0x68747470733a2f2f696d6167652e6b6b6461792e636f6d2f76322f696d6167652f6765742f685f363530253243635f6669742f73312e6b6b6461792e636f6d2f70726f647563745f3132383137362f32303232303430313035353233315f783558724f2f6a7067, '3'),
(142, 48, 0x68747470733a2f2f696d6167652e6b6b6461792e636f6d2f76322f696d6167652f6765742f685f363530253243635f6669742f73312e6b6b6461792e636f6d2f70726f647563745f3132323436302f32303231303832303034343430315f4352796c442f6a7067, '1'),
(143, 48, 0x68747470733a2f2f696d6167652e6b6b6461792e636f6d2f76322f696d6167652f6765742f685f363530253243635f6669742f73312e6b6b6461792e636f6d2f70726f647563745f3132323436302f32303231303832303034343335395f69306256752f6a7067, '2'),
(144, 48, 0x68747470733a2f2f696d6167652e6b6b6461792e636f6d2f76322f696d6167652f6765742f685f363530253243635f6669742f73312e6b6b6461792e636f6d2f70726f647563745f3132323436302f32303231303832303034343430335f356c704b4d2f6a7067, '3'),
(145, 49, 0x68747470733a2f2f696d6167652e6b6b6461792e636f6d2f76322f696d6167652f6765742f685f363530253243635f6669742f73312e6b6b6461792e636f6d2f70726f647563745f3130313836312f32303230303732343033303233395f686d6b6e342f6a7067, '1'),
(146, 49, 0x68747470733a2f2f696d6167652e6b6b6461792e636f6d2f76322f696d6167652f6765742f685f363530253243635f6669742f73312e6b6b6461792e636f6d2f70726f647563745f3130313836312f32303230303732343033303234345f5545705a722f6a7067, '2'),
(147, 49, 0x68747470733a2f2f696d6167652e6b6b6461792e636f6d2f76322f696d6167652f6765742f685f363530253243635f6669742f73312e6b6b6461792e636f6d2f70726f647563745f3130313836312f32303230303732343033303234365f754b7564692f6a7067, '3'),
(148, 50, 0x68747470733a2f2f696d6167652e6b6b6461792e636f6d2f76322f696d6167652f6765742f685f363530253243635f6669742f73312e6b6b6461792e636f6d2f70726f647563745f33343030352f32303139313132303039333934345f61447952772f6a7067, '1'),
(149, 50, 0x68747470733a2f2f696d6167652e6b6b6461792e636f6d2f76322f696d6167652f6765742f685f363530253243635f6669742f73312e6b6b6461792e636f6d2f70726f647563745f33343030352f32303139313132303039333935345f65615278452f6a7067, '2'),
(150, 50, 0x68747470733a2f2f696d6167652e6b6b6461792e636f6d2f76322f696d6167652f6765742f685f363530253243635f6669742f73312e6b6b6461792e636f6d2f70726f647563745f33343030352f32303139313132303039333935375f335a6a6e622f6a7067, '3'),
(151, 51, 0x68747470733a2f2f696d6167652e6b6b6461792e636f6d2f76322f696d6167652f6765742f685f363530253243635f6669742f73312e6b6b6461792e636f6d2f70726f647563745f3132383136322f32303232303333303036313134365f424a3350572f6a7067, '1'),
(152, 51, 0x68747470733a2f2f696d6167652e6b6b6461792e636f6d2f76322f696d6167652f6765742f685f363530253243635f6669742f73312e6b6b6461792e636f6d2f70726f647563745f3132383136322f32303232303333303036313134365f6573447a412f706e67, '2'),
(153, 51, 0x68747470733a2f2f696d6167652e6b6b6461792e636f6d2f76322f696d6167652f6765742f685f363530253243635f6669742f73312e6b6b6461792e636f6d2f70726f647563745f3132383136322f32303232303333303036313134365f4a395848772f706e67, '3'),
(154, 52, 0x68747470733a2f2f696d6167652e6b6b6461792e636f6d2f76322f696d6167652f6765742f685f363530253243635f6669742f73312e6b6b6461792e636f6d2f70726f647563745f3132323736322f32303231303930333130313134345f79717a6b722f6a7067, '1'),
(155, 52, 0x68747470733a2f2f696d6167652e6b6b6461792e636f6d2f76322f696d6167652f6765742f685f363530253243635f6669742f73312e6b6b6461792e636f6d2f70726f647563745f3132323736322f32303231303932383039303431375f5347706a752f6a7067, '2'),
(156, 52, 0x68747470733a2f2f696d6167652e6b6b6461792e636f6d2f76322f696d6167652f6765742f685f363530253243635f6669742f73312e6b6b6461792e636f6d2f70726f647563745f3132323736322f32303231303930333035353832305f70445158492f706e67, '3'),
(157, 53, 0x68747470733a2f2f696d6167652e6b6b6461792e636f6d2f76322f696d6167652f6765742f685f363530253243635f6669742f73312e6b6b6461792e636f6d2f70726f647563745f3131393239322f32303232313031373033343832345f5a4b634f572f6a7067, '1'),
(158, 53, 0x68747470733a2f2f696d6167652e6b6b6461792e636f6d2f76322f696d6167652f6765742f685f363530253243635f6669742f73312e6b6b6461792e636f6d2f70726f647563745f3131393239322f32303231303530343035333131375f79515a64392f6a7067, '2'),
(159, 53, 0x68747470733a2f2f696d6167652e6b6b6461792e636f6d2f76322f696d6167652f6765742f685f363530253243635f6669742f73312e6b6b6461792e636f6d2f70726f647563745f3131393239322f32303231303530343035323731395f50574b55632f6a7067, '3'),
(160, 54, 0x68747470733a2f2f696d6167652e6b6b6461792e636f6d2f76322f696d6167652f6765742f685f363530253243635f6669742f73312e6b6b6461792e636f6d2f70726f647563745f3133313531312f32303232303732353036333732335f766d4c624d2f6a7067, '1'),
(161, 54, 0x68747470733a2f2f696d6167652e6b6b6461792e636f6d2f76322f696d6167652f6765742f685f363530253243635f6669742f73312e6b6b6461792e636f6d2f70726f647563745f3133313531312f32303232303732353036333732305f43644a4f702f6a7067, '2'),
(162, 54, 0x68747470733a2f2f696d6167652e6b6b6461792e636f6d2f76322f696d6167652f6765742f685f363530253243635f6669742f73312e6b6b6461792e636f6d2f70726f647563745f3133313531312f32303232303732353036333931305f416a4278742f6a7067, '3'),
(163, 55, 0x68747470733a2f2f696d6167652e6b6b6461792e636f6d2f76322f696d6167652f6765742f685f363530253243635f6669742f73312e6b6b6461792e636f6d2f70726f647563745f3131363331352f32303231303930333038323830345f314735506a2f6a7067, '1'),
(164, 55, 0x68747470733a2f2f696d6167652e6b6b6461792e636f6d2f76322f696d6167652f6765742f685f363530253243635f6669742f73312e6b6b6461792e636f6d2f70726f647563745f3131363331352f32303231303930333130313530395f69336c436b2f6a7067, '2'),
(165, 55, 0x68747470733a2f2f696d6167652e6b6b6461792e636f6d2f76322f696d6167652f6765742f685f363530253243635f6669742f73312e6b6b6461792e636f6d2f70726f647563745f3131363331352f32303231303930333038323830305f6a4f3464322f6a7067, '3'),
(166, 56, 0x68747470733a2f2f696d6167652e6b6b6461792e636f6d2f76322f696d6167652f6765742f685f363530253243635f6669742f73312e6b6b6461792e636f6d2f70726f647563745f3131343035332f32303230313230383038323133385f47465433632f6a7067, '1'),
(167, 56, 0x68747470733a2f2f696d6167652e6b6b6461792e636f6d2f76322f696d6167652f6765742f685f363530253243635f6669742f73312e6b6b6461792e636f6d2f70726f647563745f3131343035332f32303230313230383038323133355f4b414d35722f706e67, '2'),
(168, 56, 0x68747470733a2f2f696d6167652e6b6b6461792e636f6d2f76322f696d6167652f6765742f685f363530253243635f6669742f73312e6b6b6461792e636f6d2f70726f647563745f3131343035332f32303230313230383038323133365f4c7762496f2f6a7067, '3'),
(169, 57, 0x68747470733a2f2f696d6167652e6b6b6461792e636f6d2f76322f696d6167652f6765742f685f363530253243635f6669742f73312e6b6b6461792e636f6d2f70726f647563745f3130323732322f32303230313130333034313133385f5051434c4e2f6a7067, '1'),
(170, 57, 0x2268747470733a2f2f696d6167652e6b6b6461792e636f6d2f76322f696d6167652f6765742f685f363530253243635f6669742f73312e6b6b6461792e636f6d2f70726f647563745f3130323732322f32303230313130333034313133375f7a315732312f6a7067, '2'),
(171, 57, 0x68747470733a2f2f696d6167652e6b6b6461792e636f6d2f76322f696d6167652f6765742f685f363530253243635f6669742f73312e6b6b6461792e636f6d2f70726f647563745f3130323732322f32303230313130333034313134305f4a533338522f6a7067, '3'),
(172, 58, 0x68747470733a2f2f696d6167652e6b6b6461792e636f6d2f76322f696d6167652f6765742f685f363530253243635f6669742f73312e6b6b6461792e636f6d2f70726f647563745f3130313538372f32303232303630393131323535315f5137586f672f6a7067, '1'),
(173, 58, 0x68747470733a2f2f696d6167652e6b6b6461792e636f6d2f76322f696d6167652f6765742f685f363530253243635f6669742f73312e6b6b6461792e636f6d2f70726f647563745f3130313538372f32303232303630393131323535315f41716c324a2f6a7067, '2'),
(174, 58, 0x68747470733a2f2f696d6167652e6b6b6461792e636f6d2f76322f696d6167652f6765742f685f363530253243635f6669742f73312e6b6b6461792e636f6d2f70726f647563745f3130313538372f32303232303630393131323535325f6e554451662f6a7067, '3'),
(175, 59, 0x68747470733a2f2f696d6167652e6b6b6461792e636f6d2f76322f696d6167652f6765742f685f363530253243635f6669742f73312e6b6b6461792e636f6d2f70726f647563745f33323334312f32303139313031363131323132325f4e4441726c2f6a7067, '1'),
(176, 59, 0x68747470733a2f2f696d6167652e6b6b6461792e636f6d2f76322f696d6167652f6765742f685f363530253243635f6669742f73312e6b6b6461792e636f6d2f70726f647563745f33323334312f32303231313232353131303234305f46624675582f6a7067, '2'),
(177, 59, 0x68747470733a2f2f696d6167652e6b6b6461792e636f6d2f76322f696d6167652f6765742f685f363530253243635f6669742f73312e6b6b6461792e636f6d2f70726f647563745f33323334312f32303139313031373137303330375f58475577512f6a7067, '3'),
(178, 60, 0x68747470733a2f2f696d6167652e6b6b6461792e636f6d2f76322f696d6167652f6765742f685f363530253243635f6669742f73312e6b6b6461792e636f6d2f70726f647563745f3130333338322f32303230303931303036343331395f6c665279662f6a7067, '1'),
(179, 60, 0x68747470733a2f2f696d6167652e6b6b6461792e636f6d2f76322f696d6167652f6765742f685f363530253243635f6669742f73312e6b6b6461792e636f6d2f70726f647563745f3130333338322f32303230303931303036343332335f50594639632f6a7067, '2'),
(180, 60, 0x68747470733a2f2f696d6167652e6b6b6461792e636f6d2f76322f696d6167652f6765742f685f363530253243635f6669742f73312e6b6b6461792e636f6d2f70726f647563745f3130333338322f32303230303931303036343332305f5556534a332f6a7067, '3'),
(181, 61, 0x68747470733a2f2f696d6167652e6b6b6461792e636f6d2f76322f696d6167652f6765742f685f363530253243635f6669742f73312e6b6b6461792e636f6d2f70726f647563745f3132363334392f32303232303132353033323334395f423073784d2f6a7067, '1'),
(182, 61, 0x68747470733a2f2f696d6167652e6b6b6461792e636f6d2f76322f696d6167652f6765742f685f363530253243635f6669742f73312e6b6b6461792e636f6d2f70726f647563745f3132363334392f32303232303132353033323331385f44676b34762f6a7067, '2'),
(183, 61, 0x68747470733a2f2f696d6167652e6b6b6461792e636f6d2f76322f696d6167652f6765742f685f363530253243635f6669742f73312e6b6b6461792e636f6d2f70726f647563745f3132363334392f32303232303132353033323331385f47646e64442f6a7067, '3'),
(184, 62, 0x68747470733a2f2f696d6167652e6b6b6461792e636f6d2f76322f696d6167652f6765742f685f363530253243635f6669742f73312e6b6b6461792e636f6d2f70726f647563745f3130323335392f32303230303831303032343530375f77726c77542f706e67, '1'),
(185, 62, 0x68747470733a2f2f696d6167652e6b6b6461792e636f6d2f76322f696d6167652f6765742f685f363530253243635f6669742f73312e6b6b6461792e636f6d2f70726f647563745f3130323335392f32303230303831303032343531305f5a485339672f706e67, '2'),
(186, 62, 0x68747470733a2f2f6d6973736875616e2e74772f77702d636f6e74656e742f75706c6f6164732f32303230303530373137323030305f31332e6a7067, '3'),
(187, 63, 0x68747470733a2f2f696d6167652e6b6b6461792e636f6d2f76322f696d6167652f6765742f685f363530253243635f6669742f73312e6b6b6461792e636f6d2f70726f647563745f3131343031302f32303230313230373038313634365f6d4d5250722f6a7067, '1'),
(188, 63, 0x68747470733a2f2f696d6167652e6b6b6461792e636f6d2f76322f696d6167652f6765742f685f363530253243635f6669742f73312e6b6b6461792e636f6d2f70726f647563745f3131343031302f32303230313230373038313635305f44423639702f6a7067, '2'),
(189, 63, 0x68747470733a2f2f696d6167652e6b6b6461792e636f6d2f76322f696d6167652f6765742f685f363530253243635f6669742f73312e6b6b6461792e636f6d2f70726f647563745f3131343031302f32303230313230373038313635385f50755748742f6a7067, '3'),
(190, 64, 0x68747470733a2f2f696d6167652e6b6b6461792e636f6d2f76322f696d6167652f6765742f685f363530253243635f6669742f73312e6b6b6461792e636f6d2f70726f647563745f3133313133372f32303232303731333031353033365f47387a716f2f6a7067, '1'),
(191, 64, 0x68747470733a2f2f696d6167652e6b6b6461792e636f6d2f76322f696d6167652f6765742f685f363530253243635f6669742f73312e6b6b6461792e636f6d2f70726f647563745f3133313133372f32303232303731333031353033385f737a326c412f6a7067, '2'),
(192, 64, 0x68747470733a2f2f696d6167652e6b6b6461792e636f6d2f76322f696d6167652f6765742f685f363530253243635f6669742f73312e6b6b6461792e636f6d2f70726f647563745f3133313133372f32303232303731333032303835325f4f4f4a51672f6a7067, '3'),
(193, 65, 0x68747470733a2f2f696d6167652e6b6b6461792e636f6d2f76322f696d6167652f6765742f685f363530253243635f6669742f73312e6b6b6461792e636f6d2f70726f647563745f33303336382f32303139303932363034313634305f6d69316f692f6a7067, '1'),
(194, 65, 0x68747470733a2f2f696d6167652e6b6b6461792e636f6d2f76322f696d6167652f6765742f685f363530253243635f6669742f73312e6b6b6461792e636f6d2f70726f647563745f33303336382f32303139303930363038333331365f7335476b442f6a7067, '2'),
(195, 65, 0x68747470733a2f2f696d6167652e6b6b6461792e636f6d2f76322f696d6167652f6765742f685f363530253243635f6669742f73312e6b6b6461792e636f6d2f70726f647563745f33303336382f32303139303930363038333530365f396b3852552f6a70, '3'),
(196, 66, 0x68747470733a2f2f696d6167652e6b6b6461792e636f6d2f76322f696d6167652f6765742f685f363530253243635f6669742f73312e6b6b6461792e636f6d2f70726f647563745f3130323035312f32303230303830343038303434315f6a6f6339522f706e67, '1'),
(197, 66, 0x68747470733a2f2f696d6167652e6b6b6461792e636f6d2f76322f696d6167652f6765742f685f363530253243635f6669742f73312e6b6b6461792e636f6d2f70726f647563745f3130323035312f32303230303830343032323835365f75556853542f6a7067, '2'),
(198, 66, 0x68747470733a2f2f696d6167652e6b6b6461792e636f6d2f76322f696d6167652f6765742f685f363530253243635f6669742f73312e6b6b6461792e636f6d2f70726f647563745f3130323035312f32303230303830343032323933355f6e594c355a2f6a7067, '3'),
(199, 67, 0x68747470733a2f2f696d6167652e6b6b6461792e636f6d2f76322f696d6167652f6765742f685f363530253243635f6669742f73312e6b6b6461792e636f6d2f70726f647563745f32383038372f32303139303930323033353533395f31303176672f6a7067, '1'),
(200, 67, 0x68747470733a2f2f696d6167652e6b6b6461792e636f6d2f76322f696d6167652f6765742f685f363530253243635f6669742f73312e6b6b6461792e636f6d2f70726f647563745f32383038372f32303139303930323033353630325f32366668352f6a7067, '2'),
(201, 67, 0x68747470733a2f2f696d6167652e6b6b6461792e636f6d2f76322f696d6167652f6765742f685f363530253243635f6669742f73312e6b6b6461792e636f6d2f70726f647563745f32383038372f32303139303930323033353632305f4f684b37732f6a7067, '3'),
(202, 68, 0x68747470733a2f2f696d6167652e6b6b6461792e636f6d2f76322f696d6167652f6765742f685f363530253243635f6669742f73312e6b6b6461792e636f6d2f70726f647563745f3132373033332f32303232303333313039303934375f3975334e4e2f6a7067, '1'),
(203, 68, 0x68747470733a2f2f696d6167652e6b6b6461792e636f6d2f76322f696d6167652f6765742f685f363530253243635f6669742f73312e6b6b6461792e636f6d2f70726f647563745f3132373033332f32303232303231383130353931375f3632555a732f706e67, '2'),
(204, 68, 0x68747470733a2f2f696d6167652e6b6b6461792e636f6d2f76322f696d6167652f6765742f685f363530253243635f6669742f73312e6b6b6461792e636f6d2f70726f647563745f3132373033332f32303232303333313038333934365f48355552312f6a7067, '3'),
(205, 69, 0x68747470733a2f2f696d6167652e6b6b6461792e636f6d2f76322f696d6167652f6765742f685f363530253243635f6669742f73312e6b6b6461792e636f6d2f70726f647563745f32333437322f32303139303432353034353535395f48313031522f6a7067, '1'),
(206, 69, 0x68747470733a2f2f696d6167652e6b6b6461792e636f6d2f76322f696d6167652f6765742f685f363530253243635f6669742f73312e6b6b6461792e636f6d2f70726f647563745f32333437322f32303139303432353034353430355f684e3753782f6a7067, '2'),
(207, 69, 0x68747470733a2f2f696d6167652e6b6b6461792e636f6d2f76322f696d6167652f6765742f685f363530253243635f6669742f73312e6b6b6461792e636f6d2f70726f647563745f32333437322f32303139303530373038333732305f414a7662572f6a7067, '3'),
(208, 70, 0x68747470733a2f2f696d6167652e6b6b6461792e636f6d2f76322f696d6167652f6765742f685f363530253243635f6669742f73312e6b6b6461792e636f6d2f70726f647563745f3132363834372f32303232303232323039323635365f67443157592f706e67, '1'),
(209, 70, 0x68747470733a2f2f696d6167652e6b6b6461792e636f6d2f76322f696d6167652f6765742f685f363530253243635f6669742f73312e6b6b6461792e636f6d2f70726f647563745f3132343033372f32303231313131303036333632385f69426a33692f706e67, '2'),
(210, 70, 0x68747470733a2f2f696d6167652e6b6b6461792e636f6d2f76322f696d6167652f6765742f685f363530253243635f6669742f73312e6b6b6461792e636f6d2f70726f647563745f3132343033372f32303231313131303036333632375f4b705062392f706e67, '3'),
(211, 71, 0x68747470733a2f2f696d6167652e6b6b6461792e636f6d2f76322f696d6167652f6765742f685f363530253243635f6669742f73312e6b6b6461792e636f6d2f70726f647563745f3132343033372f32303231313131303036333631375f36553375612f706e67, '1'),
(212, 72, 0x68747470733a2f2f696d6167652e6b6b6461792e636f6d2f76322f696d6167652f6765742f685f363530253243635f6669742f73312e6b6b6461792e636f6d2f70726f647563745f3132373036302f32303232303232333031313331345f65566b36702f6a7067, '1'),
(213, 72, 0x68747470733a2f2f696d6167652e6b6b6461792e636f6d2f76322f696d6167652f6765742f685f363530253243635f6669742f73312e6b6b6461792e636f6d2f70726f647563745f3132373036302f32303232303232333031313432375f347041614b2f6a7067, '2'),
(214, 72, 0x68747470733a2f2f696d6167652e6b6b6461792e636f6d2f76322f696d6167652f6765742f685f363530253243635f6669742f73312e6b6b6461792e636f6d2f70726f647563745f3132373036302f32303232303232333031313331355f48794f51492f6a7067, '3'),
(215, 73, 0x68747470733a2f2f696d6167652e6b6b6461792e636f6d2f76322f696d6167652f6765742f685f363530253243635f6669742f73312e6b6b6461792e636f6d2f70726f647563745f3132333937332f32303231313130393036333131335f69697a66422f6a7067, '1'),
(216, 73, 0x68747470733a2f2f696d6167652e6b6b6461792e636f6d2f76322f696d6167652f6765742f685f363530253243635f6669742f73312e6b6b6461792e636f6d2f70726f647563745f3132333937332f32303231313130393036333133335f42763354392f6a7067, '2'),
(217, 73, 0x68747470733a2f2f696d6167652e6b6b6461792e636f6d2f76322f696d6167652f6765742f685f363530253243635f6669742f73312e6b6b6461792e636f6d2f70726f647563745f3132333937332f32303231313130393036333133345f6b6c4e47722f6a7067, '3');

-- --------------------------------------------------------

--
-- 資料表結構 `ordertable`
--

CREATE TABLE `ordertable` (
  `orderNumber` int(10) NOT NULL,
  `userId` varchar(30) NOT NULL,
  `itemId` varchar(200) NOT NULL,
  `orderReceipt` varchar(100) DEFAULT NULL,
  `orderReview` varchar(1500) DEFAULT NULL,
  `orderStar` int(3) NOT NULL,
  `orderDate` date NOT NULL,
  `orderQua` int(10) NOT NULL,
  `orderRebate` int(6) NOT NULL,
  `orderDeter` int(1) DEFAULT 1
) ENGINE=InnoDB DEFAULT CHARSET=utf16 COLLATE=utf16_unicode_ci;

--
-- 傾印資料表的資料 `ordertable`
--

INSERT INTO `ordertable` (`orderNumber`, `userId`, `itemId`, `orderReceipt`, `orderReview`, `orderStar`, `orderDate`, `orderQua`, `orderRebate`, `orderDeter`) VALUES
(1, 'u987654321', 1, 'order00001', 'Very Very Good', 3, '2022-10-07', 2, 17, 2),
(2, 'u123456789', 2, 'order00002', '', 0, '2022-10-03', 2, -13, 1),
(3, 'u323456789', 3, 'order00003', '讚', 5, '2022-09-29', 2, -3, 2),
(4, 'u423456789', 4, 'order00004', '值得再回購', 4, '2022-09-25', 2, -10, 2),
(5, 'u523456789', 5, 'order00005', '', 0, '2022-09-21', 2, 12, 2),
(6, 'u623456789', 6, 'order00006', '', 0, '2022-09-17', 2, 15, 2),
(7, 'u123456789', 2, 'order00009', '棒棒棒', 4, '2022-12-22', 2, 11, 2),
(8, 'u323456789', 1, 'order00007', '真是太棒了，不僅風景漂亮、環境舒適，非常適合帶小朋友出來', 5, '2022-12-13', 4, -10, 2),
(9, 'u323456789', 1, 'order000011', '環境宜人，適合開車前往', 4, '2022-12-12', 2, -6, 2);

-- --------------------------------------------------------

--
-- 資料表結構 `usertable`
--

CREATE TABLE `usertable` (
  `userId` varchar(30) NOT NULL,
  `userPassword` varchar(30) NOT NULL,
  `userName` varchar(150) DEFAULT NULL,
  `userGender` varchar(5) DEFAULT NULL,
  `userBirthday` date DEFAULT NULL,
  `userPhone` varchar(10) DEFAULT NULL,
  `userEmail` varchar(50) DEFAULT NULL,
  `userPoint` int(10) DEFAULT NULL,
  `userRegisterDate` date DEFAULT NULL,
  `userLoginEventTime` date DEFAULT NULL,
  `userLoginEventCount` int(1) DEFAULT 0,
  `userAvatar` varchar(100) DEFAULT NULL
) ENGINE=InnoDB DEFAULT CHARSET=utf16 COLLATE=utf16_unicode_ci;

--
-- 傾印資料表的資料 `usertable`
--

INSERT INTO `usertable` (`userId`, `userPassword`, `userName`, `userGender`, `userBirthday`, `userPhone`, `userEmail`, `userPoint`, `userRegisterDate`, `userLoginEventTime`, `userLoginEventCount`, `userAvatar`) VALUES
('u123456789', 'u111111111', '王大明', '男', '2000-01-01', '0912345678', 'won@mail.com', 999, '2011-11-11', '2022-12-05', 0, 'https://cdn-icons-png.flaticon.com/512/147/147142.png'),
('u223456789', 'u111111112', '李小明', '男', '2000-01-06', '0912345665', 'lin@mail.com', 999, '2020-05-06', '2022-12-13', 0, 'https://cdn-icons-png.flaticon.com/512/147/147142.png');

--
-- 已傾印資料表的索引
--

--
-- 資料表索引 `discountcoupon`
--
ALTER TABLE `discountcoupon`
  ADD PRIMARY KEY (`couponId`);

--
-- 資料表索引 `favorite`
--
ALTER TABLE `favorite`
  ADD PRIMARY KEY (`favId`),
  ADD KEY `userId` (`userId`),
  ADD KEY `itemId` (`itemId`);

--
-- 資料表索引 `firm`
--
ALTER TABLE `firm`
  ADD PRIMARY KEY (`firmId`);

--
-- 資料表索引 `item`
--
ALTER TABLE `item`
  ADD PRIMARY KEY (`itemId`),
  ADD KEY `firmId` (`firmId`);

--
-- 資料表索引 `itemimg`
--
ALTER TABLE `itemimg`
  ADD PRIMARY KEY (`imgId`),
  ADD KEY `itemId` (`itemId`);

--
-- 資料表索引 `ordertable`
--
ALTER TABLE `ordertable`
  ADD PRIMARY KEY (`orderNumber`),
  ADD KEY `userId` (`userId`),
  ADD KEY `itemId` (`itemId`);

--
-- 資料表索引 `usertable`
--
ALTER TABLE `usertable`
  ADD PRIMARY KEY (`userId`);

--
-- 在傾印的資料表使用自動遞增(AUTO_INCREMENT)
--

--
-- 使用資料表自動遞增(AUTO_INCREMENT) `discountcoupon`
--
ALTER TABLE `discountcoupon`
  MODIFY `couponId` int(10) NOT NULL AUTO_INCREMENT, AUTO_INCREMENT=3;

--
-- 使用資料表自動遞增(AUTO_INCREMENT) `favorite`
--
ALTER TABLE `favorite`
  MODIFY `favId` int(5) NOT NULL AUTO_INCREMENT, AUTO_INCREMENT=5;

--
-- 使用資料表自動遞增(AUTO_INCREMENT) `item`
--
ALTER TABLE `item`
  MODIFY `itemId` varchar(200) NOT NULL;

--
-- 使用資料表自動遞增(AUTO_INCREMENT) `itemimg`
--
ALTER TABLE `itemimg`
  MODIFY `imgId` varchar(200) NOT NULL;

--
-- 使用資料表自動遞增(AUTO_INCREMENT) `ordertable`
--
ALTER TABLE `ordertable`
  MODIFY `orderNumber` int(10) NOT NULL AUTO_INCREMENT, AUTO_INCREMENT=10;
COMMIT;

/*!40101 SET CHARACTER_SET_CLIENT=@OLD_CHARACTER_SET_CLIENT */;
/*!40101 SET CHARACTER_SET_RESULTS=@OLD_CHARACTER_SET_RESULTS */;
/*!40101 SET COLLATION_CONNECTION=@OLD_COLLATION_CONNECTION */;
